machine,material,load,speed,heat,mmi
A,Polymer 3,1.024,1.252,1.065,1.395
A,Polymer 3,0.996,1.199,1.06,1.314
A,Polymer 3,0.938,1.234,1.07,1.297
A,Polymer 3,0.958,1.236,1.04,1.287
A,Polymer 3,0.993,1.156,1.011,1.273
A,Polymer 3,1.004,1.171,1.071,1.252
A,Polymer 3,0.902,1.145,1.012,1.303
A,Polymer 3,1.003,1.24,1.054,1.356
A,Polymer 3,0.953,1.198,1.091,1.371
A,Polymer 3,0.941,1.249,1.067,1.222
A,Polymer 3,1.016,1.232,0.988,1.255
A,Polymer 3,0.932,1.222,1.09,1.245
A,Polymer 3,0.948,1.197,1.013,1.253
A,Polymer 3,0.944,1.159,0.986,1.187
A,Polymer 3,0.987,1.229,1.026,1.22
A,Polymer 3,0.922,1.137,1.007,1.186
A,Polymer 3,0.995,1.205,1.054,1.158
A,Polymer 3,0.923,1.164,0.997,1.11
A,Polymer 3,0.964,1.218,1.053,1.142
A,Polymer 3,0.968,1.196,0.999,1.184
A,Polymer 3,0.907,1.193,1.008,1.082
A,Polymer 3,0.951,1.179,0.998,1.189
A,Polymer 3,0.93,1.152,1.057,1.199
A,Polymer 3,0.946,1.147,1.022,1.158
A,Polymer 3,0.926,1.165,1.026,1.116
A,Polymer 3,0.908,1.214,1.029,1.107
A,Polymer 3,0.984,1.191,1.06,1.132
A,Polymer 3,0.965,1.268,1.002,1.196
A,Polymer 3,0.993,1.171,1.053,1.128
A,Polymer 3,0.937,1.158,1.067,1.147
A,Polymer 3,0.907,1.155,0.994,1.125
A,Polymer 3,0.957,1.247,1.037,1.149
A,Polymer 3,0.93,1.198,0.985,1.169
A,Polymer 3,0.957,1.249,1.059,1.156
A,Polymer 3,0.908,1.202,1.064,1.11
A,Polymer 3,0.898,1.143,1.079,1.169
A,Polymer 3,0.985,1.157,1.04,1.098
A,Polymer 3,0.92,1.142,1.073,1.107
A,Polymer 3,0.893,1.196,1.026,1.115
A,Polymer 3,0.961,1.194,1.045,1.142
A,Polymer 3,0.925,1.254,1.056,1.063
A,Polymer 3,0.951,1.205,1.008,1.117
A,Polymer 3,0.964,1.242,1.076,1.038
A,Polymer 3,0.939,1.251,1.031,1.09
A,Polymer 3,0.894,1.236,1.061,1.07
A,Polymer 3,0.897,1.212,1.055,1.087
A,Polymer 3,0.934,1.211,1.011,1.056
A,Polymer 3,0.938,1.169,1.007,1.1
A,Polymer 3,0.96,1.141,1.011,1.113
A,Polymer 3,0.929,1.21,1.08,1.03
A,Polymer 3,0.964,1.235,1.014,1.08
A,Polymer 3,0.925,1.163,1.048,1.039
A,Polymer 3,0.956,1.13,1.038,1.083
A,Polymer 3,0.949,1.129,0.997,1.03
A,Polymer 3,0.928,1.25,1.074,1.045
A,Polymer 3,0.955,1.242,0.997,1.069
A,Polymer 3,0.895,1.256,0.994,1.026
A,Polymer 3,0.989,1.225,1.01,1.12
A,Polymer 3,0.918,1.099,1.045,1.031
A,Polymer 3,0.952,1.137,1.048,1.068
A,Polymer 3,0.912,1.142,0.984,1.088
A,Polymer 3,0.914,1.154,1.035,1.086
A,Polymer 3,0.898,1.238,1.02,1.12
A,Polymer 3,0.953,1.141,0.988,0.995
A,Polymer 3,0.943,1.196,1.034,1.028
A,Polymer 3,0.941,1.144,0.994,0.98
A,Polymer 3,0.892,1.215,1.025,1.076
A,Polymer 3,0.952,1.221,1.048,1.03
A,Polymer 3,0.899,1.208,1.053,0.986
A,Polymer 3,0.905,1.19,1.01,1.031
A,Polymer 3,0.901,1.224,0.981,0.944
A,Polymer 3,0.953,1.229,1.034,1.017
A,Polymer 3,0.913,1.182,1.04,1.039
A,Polymer 3,0.956,1.14,0.983,1.056
A,Polymer 3,0.92,1.158,1.007,0.969
A,Polymer 3,0.929,1.188,1.06,0.996
A,Polymer 3,0.901,1.169,1.05,0.954
A,Polymer 3,0.91,1.13,1.059,0.999
A,Polymer 3,0.894,1.152,1.039,0.955
A,Polymer 3,0.877,1.245,1.009,0.93
A,Polymer 3,0.936,1.259,1.058,0.952
A,Polymer 3,0.954,1.21,0.991,0.942
A,Polymer 3,0.908,1.116,0.98,1.024
A,Polymer 3,0.919,1.182,1.018,0.988
A,Polymer 3,0.87,1.142,1.061,0.927
A,Polymer 3,0.879,1.161,1.016,0.95
A,Polymer 3,0.95,1.159,0.998,0.968
A,Polymer 3,0.875,1.247,1.067,0.95
A,Polymer 3,0.87,1.138,1.066,0.891
A,Polymer 3,0.931,1.216,1.014,0.965
A,Polymer 3,0.879,1.212,1.006,0.891
A,Polymer 3,0.878,1.206,1.007,0.887
A,Polymer 3,0.883,1.135,1.053,0.981
A,Polymer 3,0.877,1.199,1.059,0.957
A,Polymer 3,0.924,1.14,1.063,0.952
A,Polymer 3,0.862,1.17,0.978,0.939
A,Polymer 3,0.891,1.142,1.026,1.024
A,Polymer 3,0.881,1.127,0.981,0.97
A,Polymer 3,0.9,1.201,1.013,1.008
A,Polymer 3,0.903,1.038,1.023,1.037
A,Polymer 3,0.924,1.178,0.964,0.972
A,Polymer 3,0.912,1.12,0.977,0.965
A,Polymer 3,0.907,1.141,0.994,0.987
A,Polymer 3,0.913,1.233,1.023,1.015
A,Polymer 3,0.91,1.2,1.042,1.026
A,Polymer 3,0.906,1.131,1.006,0.973
A,Polymer 3,0.952,1.135,0.992,1.02
A,Polymer 3,0.941,1.086,1.062,1.027
A,Polymer 3,0.906,1.173,1.054,0.996
A,Polymer 3,0.979,1.192,0.977,0.968
A,Polymer 3,0.937,1.245,1.046,0.964
A,Polymer 3,0.925,1.146,1.066,0.974
A,Polymer 3,0.922,1.104,0.97,0.986
A,Polymer 3,0.864,1.075,1.035,1.021
A,Polymer 3,0.958,1.104,1.03,1.05
A,Polymer 3,0.98,1.223,0.971,1.036
A,Polymer 3,0.93,1.157,1.001,1.032
A,Polymer 3,0.906,1.15,1.051,1.096
A,Polymer 3,0.922,1.133,0.981,1.02
A,Polymer 3,0.969,1.119,0.999,1.042
A,Polymer 3,0.929,1.117,0.967,1.019
A,Polymer 3,0.885,1.097,0.983,1.001
A,Polymer 3,0.936,1.062,1.006,1.022
A,Polymer 3,0.929,1.084,1.051,1.05
A,Polymer 3,0.924,1.044,0.973,1.002
A,Polymer 3,0.893,1.063,0.983,1.096
A,Polymer 3,0.893,1.1,1.04,1.056
A,Polymer 3,0.961,1.088,1.05,1.098
A,Polymer 3,0.883,1.015,1.011,1.06
A,Polymer 3,0.927,0.99,1.046,1.062
A,Polymer 3,0.93,1.027,0.99,1.075
A,Polymer 3,0.875,1.052,0.972,1.002
A,Polymer 3,0.902,1.01,1.005,1.066
A,Polymer 3,0.882,1.004,1.056,1.041
A,Polymer 3,0.933,1.024,1.057,0.971
A,Polymer 3,0.946,1.047,1.057,0.991
A,Polymer 3,0.869,1.086,0.972,1.015
A,Polymer 3,0.897,1.075,1.015,1.056
A,Polymer 3,0.898,1.073,0.98,1.055
A,Polymer 3,0.898,0.984,1.008,1.131
A,Polymer 3,0.91,1.039,0.973,1.084
A,Polymer 3,0.908,1.077,1.043,1.133
A,Polymer 3,0.877,1.11,1.061,1.07
A,Polymer 3,0.95,1.065,1.05,1.031
A,Polymer 3,0.944,1.071,0.981,1.048
A,Polymer 3,0.905,1.056,0.994,1.124
A,Polymer 3,0.899,1.049,0.978,1.094
A,Polymer 3,0.883,0.996,1.044,1.058
A,Polymer 3,0.883,1.084,0.991,1.121
A,Polymer 3,0.956,1.059,1.039,1.127
A,Polymer 3,0.877,1.077,1.066,1.104
A,Polymer 3,0.898,1.09,1.025,1.093
A,Polymer 4,1.404,1.046,1.176,8.372
A,Polymer 4,1.448,1.061,1.084,7.86
A,Polymer 4,1.482,1.103,1.187,7.877
A,Polymer 4,1.514,1.142,1.176,9.017
A,Polymer 4,1.577,1.092,1.088,9.936
A,Polymer 4,1.487,1.14,1.126,9.799
A,Polymer 4,1.529,1.066,1.095,10.861
A,Polymer 4,1.501,1.09,1.142,11.274
A,Polymer 4,1.568,1.099,1.179,10.71
A,Polymer 4,1.598,1.083,1.123,11.125
A,Polymer 4,1.645,1.145,1.146,11.096
A,Polymer 4,1.497,1.105,1.164,10.343
A,Polymer 4,1.579,1.181,1.112,9.955
A,Polymer 4,1.657,1.222,1.15,10.707
A,Polymer 4,1.573,1.178,1.195,10.643
A,Polymer 4,1.589,1.08,1.15,10.407
A,Polymer 4,1.586,1.051,1.16,11.362
A,Polymer 4,1.496,1.053,1.187,11.435
A,Polymer 4,1.504,1.042,1.124,11.371
A,Polymer 4,1.558,1.171,1.112,10.595
A,Polymer 4,1.558,1.173,1.167,10.757
A,Polymer 4,1.623,1.126,1.147,10.6
A,Polymer 4,1.531,1.139,1.149,11.061
A,Polymer 4,1.542,1.07,1.161,10.487
A,Polymer 4,1.527,1.082,1.126,11.341
A,Polymer 4,1.57,1.065,1.11,10.648
A,Polymer 4,1.65,1.086,1.143,11.676
A,Polymer 4,1.663,1.057,1.206,10.898
A,Polymer 4,1.573,1.065,1.161,10.774
A,Polymer 4,1.623,1.072,1.21,10.633
A,Polymer 4,1.547,1.089,1.143,9.897
A,Polymer 4,1.531,1.107,1.129,9.863
A,Polymer 4,1.463,1.116,1.192,9.798
A,Polymer 4,1.598,1.08,1.167,10.024
A,Polymer 4,1.482,1.098,1.158,10.347
A,Polymer 4,1.581,1.053,1.207,10.06
A,Polymer 4,1.571,1.125,1.189,10.198
A,Polymer 4,1.5,1.065,1.166,10.078
A,Polymer 4,1.503,1.079,1.201,9.464
A,Polymer 4,1.448,1.149,1.119,9.411
A,Polymer 4,1.495,1.111,1.107,9.922
A,Polymer 4,1.465,1.089,1.14,10.261
A,Polymer 4,1.456,1.077,1.123,10.489
A,Polymer 4,1.538,1.073,1.172,9.825
A,Polymer 4,1.437,1.11,1.196,9.839
A,Polymer 4,1.454,1.026,1.169,9.848
A,Polymer 4,1.419,1.124,1.142,9.675
A,Polymer 4,1.456,1.199,1.182,9.852
A,Polymer 4,1.457,1.192,1.192,10.238
A,Polymer 4,1.474,1.186,1.139,9.779
A,Polymer 4,1.412,1.121,1.121,9.84
A,Polymer 4,1.46,1.073,1.141,9.82
A,Polymer 4,1.452,1.058,1.111,9.438
A,Polymer 4,1.406,1.047,1.18,9.87
A,Polymer 4,1.449,1.048,1.194,9.082
A,Polymer 4,1.451,1.1,1.17,9.879
A,Polymer 4,1.534,1.107,1.177,9.357
A,Polymer 4,1.534,1.145,1.091,9.807
A,Polymer 4,1.486,1.135,1.183,9.785
A,Polymer 4,1.554,1.138,1.141,9.825
A,Polymer 4,1.539,1.148,1.149,9.724
A,Polymer 4,1.531,1.075,1.164,10.028
A,Polymer 4,1.564,1.123,1.151,9.468
A,Polymer 4,1.428,1.065,1.123,9.328
A,Polymer 4,1.427,1.058,1.104,9.853
A,Polymer 4,1.432,1.159,1.144,9.346
A,Polymer 4,1.483,1.077,1.084,9.697
A,Polymer 4,1.487,1.042,1.181,10.337
A,Polymer 4,1.516,1.091,1.111,9.551
A,Polymer 4,1.502,1.144,1.167,9.668
A,Polymer 4,1.487,1.113,1.165,10.027
A,Polymer 4,1.465,1.053,1.096,9.962
A,Polymer 4,1.474,1.011,1.161,9.852
A,Polymer 4,1.493,1.079,1.14,11.282
A,Polymer 4,1.57,1.039,1.089,11.293
A,Polymer 4,1.488,1.025,1.154,11.095
A,Polymer 4,1.577,1.045,1.123,11.734
A,Polymer 4,1.463,1.04,1.179,12.322
A,Polymer 4,1.478,1.112,1.124,11.623
A,Polymer 4,1.589,1.149,1.152,10.798
A,Polymer 4,1.461,1.112,1.11,10.937
A,Polymer 4,1.56,1.084,1.148,10.932
A,Polymer 4,1.479,1.148,1.127,10.936
A,Polymer 4,1.495,1.075,1.144,10.614
A,Polymer 4,1.511,1.068,1.15,10.665
A,Polymer 4,1.443,0.993,1.14,11.086
A,Polymer 4,1.51,1.102,1.105,11.461
A,Polymer 4,1.505,1.035,1.166,11.309
A,Polymer 4,1.559,1.149,1.099,10.504
A,Polymer 4,1.529,1.086,1.121,10.539
A,Polymer 4,1.43,1.076,1.175,10.499
A,Polymer 4,1.421,1.137,1.183,10.093
A,Polymer 4,1.505,1.13,1.103,9.725
A,Polymer 4,1.444,1.039,1.118,10.767
A,Polymer 4,1.428,1.069,1.114,10.628
A,Polymer 4,1.452,1.065,1.17,10.722
A,Polymer 4,1.433,1.125,1.101,10.429
A,Polymer 4,1.436,1.144,1.171,10.466
A,Polymer 4,1.552,1.089,1.098,10.268
A,Polymer 4,1.499,1.071,1.187,11.161
A,Polymer 4,1.46,1.031,1.132,10.609
A,Polymer 4,1.525,0.977,1.187,10.622
A,Polymer 4,1.455,1.082,1.147,10.607
A,Polymer 4,1.53,1.032,1.167,11.307
A,Polymer 4,1.446,1.159,1.155,11.24
A,Polymer 4,1.567,1.134,1.101,11.317
A,Polymer 4,1.513,1.082,1.157,10.72
A,Polymer 4,1.472,1.016,1.103,10.309
A,Polymer 4,1.518,1.039,1.177,11.126
A,Polymer 4,1.396,1.059,1.145,10.791
A,Polymer 4,1.478,1.06,1.142,10.963
A,Polymer 4,1.471,1.103,1.159,10.997
A,Polymer 4,1.51,1.095,1.167,11.52
A,Polymer 4,1.455,1.111,1.094,10.656
A,Polymer 4,1.432,1.071,1.108,11.051
A,Polymer 4,1.429,1.083,1.16,10.367
A,Polymer 4,1.474,1.083,1.168,9.61
A,Polymer 4,1.377,1.098,1.114,9.355
A,Polymer 4,1.417,1.094,1.124,8.774
A,Polymer 4,1.442,1.107,1.166,8.852
A,Polymer 4,1.487,1.103,1.173,8.641
A,Polymer 4,1.516,1.091,1.136,8.552
A,Polymer 4,1.438,1.046,1.186,8.33
A,Polymer 4,1.469,1.049,1.186,8.414
A,Polymer 4,1.482,1.069,1.128,8.732
A,Polymer 4,1.497,1.063,1.085,9.399
A,Polymer 4,1.4,1.063,1.072,9.335
A,Polymer 4,1.511,1.108,1.13,9.167
A,Polymer 4,1.431,1.112,1.173,9.31
A,Polymer 4,1.414,1.095,1.151,8.951
A,Polymer 4,1.479,1.085,1.127,9.169
A,Polymer 4,1.422,1.027,1.08,9.016
A,Polymer 4,1.438,1.034,1.094,9.152
A,Polymer 4,1.482,0.961,1.086,9.407
A,Polymer 4,1.486,1.011,1.123,9.718
A,Polymer 4,1.563,1.133,1.169,9.599
A,Polymer 4,1.45,1.072,1.134,9.77
A,Polymer 4,1.537,1.109,1.115,10.077
A,Polymer 4,1.546,1.166,1.137,9.01
A,Polymer 4,1.472,1.192,1.115,10.245
A,Polymer 4,1.429,1.09,1.117,9.207
A,Polymer 4,1.466,1.075,1.186,8.824
A,Polymer 4,1.417,1.108,1.14,8.6
A,Polymer 4,1.458,1.056,1.155,8.699
A,Polymer 4,1.426,1.038,1.139,8.918
A,Polymer 4,1.53,1.035,1.162,9.884
A,Polymer 4,1.456,1.065,1.113,10.004
A,Polymer 4,1.561,1.075,1.077,9.944
A,Polymer 4,1.524,1.086,1.086,10.047
A,Polymer 4,1.477,1.158,1.166,10.3
A,Polymer 4,1.479,1.163,1.15,9.604
A,Polymer 4,1.457,1.079,1.103,9.921
A,Polymer 4,1.382,1.123,1.172,8.881
A,Polymer 4,1.415,1.155,1.077,8.958
A,Polymer 4,1.409,1.142,1.177,9.089
A,Polymer 4,1.453,1.121,1.11,8.933
A,Polymer 4,1.466,1.162,1.136,8.537
A,Polymer 4,1.458,1.107,1.106,8.712
A,Polymer 4,1.374,1.144,1.183,8.733
A,Polymer 4,1.419,1.119,1.11,8.721
A,Polymer 4,1.433,1.116,1.148,8.492
A,Polymer 4,1.453,1.097,1.124,8.267
A,Polymer 4,1.434,1.102,1.114,9.006
A,Polymer 4,1.523,1.098,1.142,8.888
A,Polymer 4,1.475,1.051,1.149,8.991
A,Polymer 4,1.414,1.073,1.077,9.676
A,Polymer 4,1.5,1.11,1.114,9.422
A,Polymer 4,1.389,1.13,1.163,9.82
A,Polymer 4,1.409,1.128,1.135,9.041
A,Polymer 4,1.558,1.15,1.078,9.005
A,Polymer 4,1.488,1.125,1.161,9.042
A,Polymer 4,1.399,1.124,1.142,9.517
A,Polymer 4,1.506,1.113,1.112,8.952
A,Polymer 4,1.394,1.123,1.122,9.32
A,Polymer 4,1.499,1.165,1.15,8.863
A,Polymer 4,1.398,1.144,1.101,8.372
A,Polymer 4,1.459,1.083,1.141,8.384
A,Polymer 4,1.454,1.057,1.187,8.135
A,Polymer 4,1.405,1.022,1.097,8.675
A,Polymer 4,1.418,1.048,1.081,9.9
A,Polymer 4,1.49,1.019,1.114,9.864
A,Polymer 4,1.54,1.117,1.178,10.068
A,Polymer 4,1.421,1.166,1.17,9.388
A,Polymer 4,1.43,1.164,1.18,8.978
A,Polymer 4,1.523,1.127,1.186,9.095
A,Polymer 4,1.49,1.088,1.121,9.305
A,Polymer 4,1.539,1.076,1.147,9.459
A,Polymer 4,1.377,1.047,1.104,8.829
A,Polymer 4,1.422,1.004,1.074,9.554
A,Polymer 4,1.455,1.107,1.174,8.705
A,Polymer 4,1.52,1.115,1.082,9.323
A,Polymer 4,1.421,1.177,1.131,8.501
A,Polymer 4,1.504,1.161,1.132,8.324
A,Polymer 4,1.484,1.07,1.116,8.464
A,Polymer 4,1.351,1.081,1.147,8.608
A,Polymer 4,1.371,1.037,1.095,8.515
A,Polymer 4,1.5,1.112,1.09,8.427
A,Polymer 4,1.36,1.104,1.166,8.521
A,Polymer 4,1.449,1.104,1.125,7.872
A,Polymer 4,1.423,1.105,1.175,8.427
A,Polymer 4,1.489,1.125,1.081,8.633
A,Polymer 4,1.405,1.053,1.093,8.991
A,Polymer 4,1.495,1.09,1.164,9.258
A,Polymer 4,1.406,1.113,1.083,8.606
A,Polymer 4,1.4,1.066,1.132,9.158
A,Polymer 4,1.449,1.128,1.094,8.778
A,Polymer 4,1.481,1.152,1.106,9.544
A,Polymer 4,1.479,1.173,1.158,8.967
A,Polymer 4,1.508,1.09,1.107,9.234
A,Polymer 4,1.416,1.115,1.106,9.06
A,Polymer 4,1.432,1.01,1.135,9.434
A,Polymer 4,1.46,1.085,1.156,10.207
A,Polymer 4,1.415,1.01,1.116,10.179
A,Polymer 4,1.557,1.146,1.086,10.002
A,Polymer 4,1.461,1.174,1.173,9.949
A,Polymer 4,1.451,1.185,1.098,10.828
A,Polymer 4,1.453,1.122,1.16,9.842
A,Polymer 4,1.432,1.132,1.109,10.183
A,Polymer 4,1.527,1.012,1.134,10.383
A,Polymer 4,1.548,0.995,1.168,11.232
A,Polymer 4,1.521,1.027,1.142,10.989
A,Polymer 4,1.531,1.08,1.109,10.569
A,Polymer 4,1.44,1.173,1.148,9.461
A,Polymer 4,1.405,1.101,1.148,10.104
A,Polymer 4,1.421,1.074,1.084,9.749
A,Polymer 4,1.456,1.111,1.156,9.014
A,Polymer 4,1.398,1.091,1.106,8.47
A,Polymer 4,1.477,1.084,1.126,8.448
A,Polymer 4,1.438,1.056,1.101,8.347
A,Polymer 4,1.459,1.043,1.169,8.331
A,Polymer 4,1.448,1.115,1.087,9.05
A,Polymer 4,1.386,1.05,1.157,8.823
A,Polymer 4,1.488,1.114,1.134,9.845
A,Polymer 4,1.447,1.114,1.107,11.191
A,Polymer 4,1.487,1.074,1.146,11.225
A,Polymer 4,1.515,1.053,1.079,12.079
A,Polymer 4,1.546,1.033,1.148,12.002
A,Polymer 4,1.602,1.115,1.116,12.694
A,Polymer 4,1.504,1.172,1.127,11.04
A,Polymer 4,1.5,1.175,1.092,11.513
A,Polymer 4,1.455,1.105,1.098,10.262
A,Polymer 4,1.408,1.155,1.173,9.49
A,Polymer 4,1.395,1.112,1.127,9.094
A,Polymer 4,1.384,1.085,1.181,9.441
A,Polymer 4,1.378,1.015,1.15,10.229
A,Polymer 4,1.457,1.06,1.11,10.214
A,Polymer 4,1.512,1.084,1.143,9.735
A,Polymer 4,1.46,0.979,1.135,8.638
A,Polymer 4,1.422,1.032,1.122,9.339
A,Polymer 4,1.55,0.994,1.079,9.366
A,Polymer 4,1.548,1.065,1.182,9.573
A,Polymer 4,1.516,1.162,1.091,9.263
A,Polymer 4,1.535,1.154,1.104,9.198
A,Polymer 4,1.477,1.217,1.085,8.942
A,Polymer 4,1.462,1.211,1.194,8.858
A,Polymer 4,1.438,1.085,1.16,8.339
A,Polymer 4,1.434,1.08,1.103,8.517
A,Polymer 4,1.444,1.024,1.159,8.113
A,Polymer 4,1.398,1.027,1.114,7.858
A,Polymer 4,1.387,1.138,1.087,8.024
A,Polymer 4,1.495,1.1,1.091,8.236
A,Polymer 4,1.464,1.186,1.176,8.006
A,Polymer 4,1.363,1.227,1.124,8.433
A,Polymer 4,1.481,1.116,1.089,8.536
A,Polymer 4,1.413,1.053,1.081,8.515
A,Polymer 4,1.442,1.021,1.131,8.239
A,Polymer 4,1.302,1.002,1.15,8.074
A,Polymer 4,1.377,1.049,1.094,7.912
A,Polymer 4,1.408,1.035,1.157,8.705
A,Polymer 4,1.42,1.084,1.108,7.794
A,Polymer 4,1.42,1.164,1.099,7.733
A,Polymer 4,1.416,1.186,1.122,8.137
A,Polymer 4,1.49,1.178,1.159,8.303
A,Polymer 4,1.392,1.094,1.086,8.56
A,Polymer 4,1.368,1.14,1.089,8.503
A,Polymer 4,1.421,1.089,1.117,8.211
A,Polymer 4,1.425,1.149,1.122,8.966
A,Polymer 4,1.356,1.155,1.145,9.106
A,Polymer 4,1.509,1.242,1.129,8.462
A,Polymer 4,1.505,1.134,1.125,8.17
A,Polymer 4,1.461,1.198,1.086,8.369
A,Polymer 4,1.467,1.123,1.155,9.406
A,Polymer 4,1.447,1.041,1.143,9.936
A,Polymer 4,1.482,1.011,1.105,9.706
A,Polymer 4,1.444,1.143,1.171,9.508
A,Polymer 4,1.441,1.139,1.127,9.179
A,Polymer 4,1.486,1.162,1.167,9.806
A,Polymer 4,1.51,1.208,1.187,9.069
A,Polymer 4,1.415,1.231,1.193,8.804
A,Polymer 4,1.459,1.123,1.112,9.195
A,Polymer 4,1.459,1.037,1.144,9
A,Polymer 4,1.441,1.031,1.148,9.857
A,Polymer 4,1.416,1.052,1.116,9.785
A,Polymer 4,1.508,1.084,1.083,9.961
A,Polymer 4,1.512,1.074,1.083,9.668
A,Polymer 4,1.556,1.253,1.11,9.424
A,Polymer 4,1.5,1.254,1.147,9.896
A,Polymer 4,1.471,1.156,1.169,9.893
A,Polymer 4,1.579,1.162,1.183,10.018
A,Polymer 4,1.522,1.072,1.161,9.596
A,Polymer 4,1.419,1.014,1.156,10.315
A,Polymer 4,1.482,0.968,1.162,10.083
A,Polymer 4,1.405,1,1.18,10.284
A,Polymer 4,1.447,1.018,1.139,10.413
A,Polymer 4,1.517,1.119,1.188,10.448
A,Polymer 4,1.434,1.175,1.182,10.429
A,Polymer 4,1.549,1.253,1.147,10.29
A,Polymer 4,1.486,1.235,1.122,9.369
A,Polymer 4,1.493,1.202,1.148,9.43
A,Polymer 4,1.487,1.108,1.2,9.235
A,Polymer 4,1.411,1.025,1.198,9.467
A,Polymer 4,1.43,0.991,1.117,10.026
A,Polymer 4,1.4,1.006,1.152,10.158
A,Polymer 4,1.468,1.049,1.15,10.524
A,Polymer 4,1.479,1.188,1.09,9.732
A,Polymer 4,1.557,1.196,1.135,9.664
A,Polymer 4,1.455,1.253,1.175,9.123
A,Polymer 4,1.486,1.14,1.131,9.81
A,Polymer 4,1.47,1.091,1.152,9.109
A,Polymer 4,1.394,1.019,1.163,9.394
A,Polymer 4,1.49,0.988,1.099,9.59
A,Polymer 4,1.409,1.06,1.101,10.209
A,Polymer 4,1.402,1.097,1.15,10.253
A,Polymer 4,1.55,1.14,1.16,10.191
A,Polymer 4,1.506,1.229,1.104,9.525
A,Polymer 4,1.589,1.209,1.197,9.789
A,Polymer 4,1.524,1.114,1.177,10.618
A,Polymer 4,1.465,1.057,1.202,11.124
A,Polymer 4,1.553,1.058,1.191,11.017
A,Polymer 4,1.568,1.032,1.161,10.793
A,Polymer 4,1.553,1.03,1.096,11.514
A,Polymer 4,1.488,1.036,1.135,11.841
A,Polymer 4,1.542,1.064,1.166,11.582
A,Polymer 4,1.467,1.137,1.182,10.61
A,Polymer 4,1.466,1.162,1.174,10.517
A,Polymer 4,1.531,1.263,1.122,10.167
A,Polymer 4,1.489,1.159,1.104,10.579
A,Polymer 4,1.506,1.172,1.154,10.04
A,Polymer 4,1.48,1.109,1.151,10.4
A,Polymer 4,1.496,1.014,1.178,10.344
A,Polymer 4,1.36,0.995,1.121,10.239
A,Polymer 4,1.381,1.017,1.181,9.648
A,Polymer 4,1.507,1.08,1.16,9.602
A,Polymer 4,1.509,1.127,1.089,9.796
A,Polymer 4,1.469,1.18,1.1,9.73
A,Polymer 4,1.538,1.136,1.177,10.394
A,Polymer 4,1.616,1.156,1.134,11.007
A,Polymer 4,1.511,1.093,1.129,10.554
A,Polymer 4,1.502,1.07,1.167,11.455
A,Polymer 4,1.543,1.034,1.132,11.204
A,Polymer 4,1.481,1.034,1.148,10.389
A,Polymer 4,1.476,1.107,1.179,10.352
A,Polymer 4,1.575,1.194,1.192,9.824
A,Polymer 4,1.477,1.153,1.178,10.023
A,Polymer 4,1.467,1.144,1.165,9.58
A,Polymer 4,1.486,1.152,1.195,9.748
A,Polymer 4,1.404,1.113,1.1,9.422
A,Polymer 4,1.405,1.023,1.1,9.295
A,Polymer 4,1.383,1.067,1.194,9.652
A,Polymer 4,1.517,1.057,1.111,9.565
A,Polymer 4,1.439,1.117,1.131,9.919
A,Polymer 4,1.543,1.169,1.112,10.068
A,Polymer 4,1.497,1.126,1.166,9.773
A,Polymer 4,1.426,1.207,1.097,9.516
A,Polymer 4,1.528,1.163,1.106,9.728
A,Polymer 4,1.465,1.135,1.195,10.045
A,Polymer 4,1.488,1.109,1.169,10.551
A,Polymer 4,1.47,1.075,1.1,9.824
A,Polymer 4,1.474,1.085,1.166,10.45
A,Polymer 4,1.533,1.102,1.141,10.098
A,Polymer 4,1.528,1.143,1.178,9.395
A,Polymer 4,1.493,1.232,1.201,9.912
A,Polymer 4,1.442,1.141,1.179,9.999
A,Polymer 4,1.551,1.158,1.098,9.495
A,Polymer 4,1.437,1.125,1.192,9.349
A,Polymer 4,1.476,1.064,1.176,10.01
A,Polymer 4,1.516,1.038,1.164,9.816
A,Polymer 4,1.49,0.988,1.112,9.834
A,Polymer 4,1.486,1.054,1.158,9.682
A,Polymer 4,1.506,1.133,1.151,9.853
A,Polymer 4,1.476,1.206,1.196,9.867
A,Polymer 4,1.522,1.187,1.199,10.016
A,Polymer 4,1.454,1.205,1.136,9.992
A,Polymer 4,1.568,1.075,1.132,10.715
A,Polymer 4,1.503,1.077,1.129,10.963
A,Polymer 4,1.396,1.079,1.142,11.292
A,Polymer 4,1.246,0.976,1.175,10.226
A,Polymer 4,1.307,0.977,1.177,9.562
A,Polymer 4,1.504,1.055,1.162,9.751
A,Polymer 4,1.612,1.086,1.143,10.645
A,Polymer 4,1.609,1.185,1.15,11.365
A,Polymer 4,1.556,1.17,1.126,12.153
A,Polymer 4,1.529,1.166,1.121,11.363
A,Polymer 4,1.551,1.108,1.1,10.74
A,Polymer 4,1.561,1.186,1.177,11.7
A,Polymer 4,1.415,1.088,1.106,10.952
A,Polymer 4,1.515,1.096,1.192,10.887
A,Polymer 4,1.401,1.064,1.13,10.291
A,Polymer 4,1.425,1.105,1.192,10.473
A,Polymer 4,1.421,1.081,1.14,10.932
A,Polymer 4,1.418,1.134,1.153,10.342
A,Polymer 4,1.492,1.195,1.163,10.246
A,Polymer 4,1.578,1.155,1.149,10.518
A,Polymer 4,1.497,1.145,1.154,11.334
A,Polymer 4,1.581,1.042,1.107,11.063
A,Polymer 4,1.459,1.008,1.153,11.604
A,Polymer 4,1.436,1.028,1.151,11.349
A,Polymer 4,1.561,1.097,1.173,12.451
A,Polymer 4,1.53,1.108,1.141,12.057
A,Polymer 4,1.615,1.121,1.115,12.287
A,Polymer 4,1.506,1.166,1.178,11.92
A,Polymer 4,1.494,1.203,1.124,11.659
A,Polymer 4,1.515,1.162,1.119,11.686
A,Polymer 4,1.484,1.111,1.173,10.861
A,Polymer 4,1.467,1.009,1.164,11.464
A,Polymer 4,1.425,1.014,1.178,10.748
A,Polymer 4,1.457,1.03,1.12,10.514
A,Polymer 4,1.459,1.183,1.19,10.971
A,Polymer 4,1.564,1.159,1.172,10.998
A,Polymer 4,1.587,1.148,1.117,10.59
A,Polymer 4,1.57,1.121,1.166,10.966
A,Polymer 4,1.47,1.063,1.121,11.763
A,Polymer 4,1.538,1.076,1.202,10.817
A,Polymer 4,1.488,1.103,1.116,10.962
A,Polymer 4,1.558,1.152,1.203,11.591
A,Polymer 4,1.51,1.171,1.159,11.103
A,Polymer 4,1.548,1.203,1.157,11.079
A,Polymer 4,1.439,1.097,1.168,10.952
A,Polymer 4,1.412,1.062,1.11,10.57
A,Polymer 4,1.47,1.063,1.103,10.7
A,Polymer 4,1.391,1.127,1.194,10.123
A,Polymer 4,1.458,1.158,1.124,10.056
A,Polymer 4,1.464,1.174,1.1,10.33
A,Polymer 4,1.517,1.207,1.167,9.53
A,Polymer 4,1.51,1.154,1.094,10.451
A,Polymer 4,1.454,1.124,1.137,10.908
A,Polymer 4,1.473,1.092,1.193,11.717
A,Polymer 4,1.44,0.993,1.094,11.659
A,Polymer 4,1.499,1.002,1.14,11.959
A,Polymer 4,1.477,1.022,1.148,11.806
A,Polymer 4,1.431,1.15,1.157,11.533
A,Polymer 4,1.484,1.188,1.131,11.333
A,Polymer 4,1.6,1.218,1.149,11.275
A,Polymer 4,1.618,1.203,1.162,10.812
A,Polymer 4,1.511,1.172,1.144,10.76
A,Polymer 4,1.475,1.05,1.131,10.932
A,Polymer 4,1.447,1.04,1.11,11.034
A,Polymer 4,1.424,1.039,1.115,11.051
A,Polymer 4,1.47,0.97,1.156,11.084
A,Polymer 4,1.524,1.101,1.101,11.853
A,Polymer 4,1.447,1.103,1.129,11.693
A,Polymer 4,1.549,1.177,1.168,11.408
A,Polymer 4,1.57,1.199,1.155,11.635
A,Polymer 4,1.434,1.13,1.152,10.617
A,Polymer 4,1.418,1.122,1.194,10.106
A,Polymer 4,1.517,1.108,1.152,10.043
A,Polymer 4,1.379,0.995,1.18,10.601
A,Polymer 4,1.508,0.989,1.154,10.552
A,Polymer 4,1.521,1.03,1.105,10.493
A,Polymer 4,1.537,1.109,1.161,10.364
A,Polymer 4,1.467,1.169,1.189,9.76
A,Polymer 4,1.495,1.18,1.148,9.563
A,Polymer 4,1.501,1.203,1.167,10.526
A,Polymer 4,1.542,1.094,1.152,10.065
A,Polymer 4,1.431,1.043,1.122,10.614
A,Polymer 4,1.394,1.044,1.102,10.501
A,Polymer 4,1.499,1.029,1.128,10.286
A,Polymer 3,0.964,1.186,1.015,1.165
A,Polymer 3,1.015,1.154,1.077,1.171
A,Polymer 3,0.919,1.157,1.083,1.174
A,Polymer 3,0.965,1.117,1.096,1.189
A,Polymer 3,0.894,1.071,1.012,1.248
A,Polymer 3,0.906,1.009,1.006,1.21
A,Polymer 3,0.928,1.109,1.031,1.199
A,Polymer 3,1.013,1.206,1.068,1.112
A,Polymer 3,1.013,1.171,1.085,1.176
A,Polymer 3,1,1.21,0.998,1.121
A,Polymer 3,0.909,1.241,1.043,1.017
A,Polymer 3,0.981,1.127,1.025,1.005
A,Polymer 3,0.882,1.165,1.041,1.024
A,Polymer 3,0.934,1.041,0.991,0.993
A,Polymer 3,0.947,1.046,1.007,1.046
A,Polymer 3,0.895,1.085,0.994,1.029
A,Polymer 3,0.92,1.177,1.021,0.969
A,Polymer 3,0.905,1.182,0.989,0.949
A,Polymer 3,0.931,1.179,0.987,0.994
A,Polymer 3,0.939,1.25,1.079,1.016
A,Polymer 3,1.001,1.14,1.039,0.953
A,Polymer 3,0.905,1.11,1.079,0.998
A,Polymer 3,0.945,1.071,1.065,1.009
A,Polymer 3,0.893,1.102,1.058,0.948
A,Polymer 3,0.916,1.063,0.979,0.991
A,Polymer 3,0.916,1.161,1.075,0.951
A,Polymer 3,0.913,1.106,0.992,0.932
A,Polymer 3,0.97,1.239,1.005,0.926
A,Polymer 3,0.945,1.162,1.01,0.934
A,Polymer 3,0.93,1.227,1.027,0.961
A,Polymer 3,0.998,1.16,1.075,1.062
A,Polymer 3,1.023,1.194,1.069,1.028
A,Polymer 3,0.965,1.186,1.008,1.102
A,Polymer 3,0.926,1.109,1.067,1.107
A,Polymer 3,0.956,1.129,1.023,1.189
A,Polymer 3,0.993,1.246,1.02,1.107
A,Polymer 3,0.994,1.151,1.076,1.108
A,Polymer 3,0.959,1.14,1.064,1.163
A,Polymer 3,0.926,1.127,1.066,1.156
A,Polymer 3,0.953,1.093,1.036,1.158
A,Polymer 3,0.96,1.154,1.014,1.114
A,Polymer 3,1.014,1.17,1.04,1.18
A,Polymer 3,0.978,1.19,1.073,1.167
A,Polymer 3,0.968,1.168,1.016,1.161
A,Polymer 3,0.906,1.198,1.048,1.06
A,Polymer 3,0.975,1.175,1.012,1.105
A,Polymer 3,0.943,1.145,1.05,1.063
A,Polymer 3,0.947,1.122,1.066,1.102
A,Polymer 3,0.935,1.159,1.023,1.077
A,Polymer 3,0.992,1.158,1.072,1.024
A,Polymer 3,0.989,1.25,1.055,1.081
A,Polymer 3,0.981,1.167,0.985,1.114
A,Polymer 3,0.96,1.188,1.054,1.094
A,Polymer 3,0.94,1.174,0.98,1.093
A,Polymer 3,0.918,1.149,0.972,1.018
A,Polymer 3,0.925,1.193,0.999,1.09
A,Polymer 3,0.958,1.258,0.991,1.086
A,Polymer 3,0.938,1.184,1.017,1.077
A,Polymer 3,0.891,1.14,1.043,0.982
A,Polymer 3,0.89,1.156,1.059,0.988
A,Polymer 3,0.944,1.138,1.047,1.024
A,Polymer 3,0.885,1.199,1.055,1.006
A,Polymer 3,0.918,1.184,1.007,1.018
A,Polymer 3,0.897,1.209,1.065,1.04
A,Polymer 3,0.936,1.117,1.046,1.007
A,Polymer 3,0.89,1.149,1.052,0.999
A,Polymer 3,0.877,1.133,0.972,1.031
A,Polymer 3,0.892,1.166,0.996,0.962
A,Polymer 3,0.925,1.171,0.99,0.956
A,Polymer 3,0.942,1.203,0.985,0.956
A,Polymer 3,0.93,1.098,0.996,1.011
A,Polymer 3,0.897,1.16,1.057,0.903
A,Polymer 3,0.888,1.138,0.979,0.971
A,Polymer 3,0.936,1.158,0.991,0.909
A,Polymer 3,0.94,1.13,0.999,0.99
A,Polymer 3,0.893,1.114,0.967,0.917
A,Polymer 3,0.926,1.117,0.973,0.949
A,Polymer 3,0.929,1.136,1.018,0.913
A,Polymer 3,0.898,1.179,1.041,0.933
A,Polymer 3,0.869,1.203,1.007,0.941
A,Polymer 3,0.899,1.171,1.054,0.89
A,Polymer 3,0.92,1.182,1.003,0.869
A,Polymer 3,0.868,1.166,0.961,0.85
A,Polymer 3,0.888,1.176,0.962,0.844
A,Polymer 3,0.9,1.209,0.973,0.819
A,Polymer 3,0.946,1.173,1.019,0.894
A,Polymer 3,0.887,1.136,1.001,0.892
A,Polymer 3,0.924,1.149,0.98,0.98
A,Polymer 3,0.912,1.102,1.041,0.992
A,Polymer 3,0.944,1.107,1.034,1.05
A,Polymer 3,0.889,1.153,1.001,1.038
A,Polymer 3,0.878,1.184,0.968,1
A,Polymer 3,0.937,1.138,0.98,0.988
A,Polymer 3,0.893,1.199,0.98,0.941
A,Polymer 3,0.931,1.096,0.966,0.896
A,Polymer 3,0.89,1.091,1.043,0.905
A,Polymer 3,0.923,1.112,0.963,0.96
A,Polymer 3,0.9,1.194,1.007,0.91
A,Polymer 3,0.918,1.249,1.013,0.953
A,Polymer 3,0.906,1.197,0.998,0.953
A,Polymer 3,0.936,1.155,1.036,1.023
A,Polymer 3,0.942,1.148,0.989,0.941
A,Polymer 3,0.929,1.101,0.975,0.916
A,Polymer 3,0.863,1.186,1.018,0.928
A,Polymer 3,0.908,1.186,1.001,0.949
A,Polymer 3,0.934,1.186,1.008,0.977
A,Polymer 3,0.974,1.137,0.983,0.955
A,Polymer 3,1.004,1.106,1.051,1.13
A,Polymer 3,0.965,1.133,0.992,1.112
A,Polymer 3,0.972,1.202,0.995,1.164
A,Polymer 3,0.972,1.177,1.054,1.191
A,Polymer 3,0.94,1.122,1.008,1.157
A,Polymer 3,0.968,1.171,1.045,1.118
A,Polymer 3,0.971,1.216,1.025,1.169
A,Polymer 3,0.908,1.192,1.015,1.112
A,Polymer 3,0.956,1.212,0.999,1.064
A,Polymer 3,0.883,1.093,1.049,1.035
A,Polymer 3,0.907,1.048,1.031,1.015
A,Polymer 3,1.017,1.146,0.977,1.016
A,Polymer 3,0.969,1.12,0.989,1.071
A,Polymer 3,0.885,1.219,1.062,0.977
A,Polymer 3,0.994,1.266,0.968,1.034
A,Polymer 3,1.001,1.263,0.994,0.959
A,Polymer 3,0.932,1.205,1.059,1.049
A,Polymer 3,0.939,1.17,1.05,1.1
A,Polymer 3,0.94,1.117,1.037,1.125
A,Polymer 3,0.948,1.045,0.993,1.099
A,Polymer 3,0.942,1.106,0.978,1.152
A,Polymer 3,0.981,1.167,0.996,1.218
A,Polymer 3,0.956,1.172,1.037,1.191
A,Polymer 3,1.015,1.172,1.004,1.219
A,Polymer 3,1.01,1.192,1.013,1.209
A,Polymer 3,0.924,1.148,1.054,1.187
A,Polymer 3,0.987,1.155,0.999,1.209
A,Polymer 3,0.934,1.106,1.035,1.215
A,Polymer 3,0.986,1.154,1.06,1.127
A,Polymer 3,0.961,1.187,1.014,1.195
A,Polymer 3,0.938,1.128,1.028,1.12
A,Polymer 3,0.978,1.184,1.018,1.13
A,Polymer 3,0.926,1.153,0.972,1.097
A,Polymer 3,0.991,1.095,0.996,1.07
A,Polymer 3,0.965,1.167,1.053,1.129
A,Polymer 3,1.009,1.177,1.052,1.065
A,Polymer 3,0.983,1.166,0.983,1.059
A,Polymer 3,0.976,1.211,1.028,1.111
A,Polymer 3,0.971,1.134,1.038,1.047
A,Polymer 3,0.959,1.111,1.024,0.992
A,Polymer 3,0.969,1.193,0.994,0.986
A,Polymer 3,1.009,1.153,1.059,1.085
A,Polymer 3,0.985,1.179,1.002,1.083
A,Polymer 3,0.91,1.11,1.021,0.996
A,Polymer 3,0.892,1.189,1.037,1.043
A,Polymer 3,0.933,1.121,1.059,1.074
A,Polymer 3,0.994,1.199,0.996,1.099
A,Polymer 3,0.911,1.211,1.029,1.102
A,Polymer 3,0.95,1.2,0.977,1.051
A,Polymer 3,0.97,1.193,1.021,1.045
A,Polymer 3,0.925,1.164,1.026,1.02
A,Polymer 3,0.982,1.12,0.989,1.049
A,Polymer 3,0.92,1.116,1.03,1.066
A,Polymer 3,0.899,1.176,1.023,1.018
A,Polymer 3,0.976,1.115,1.014,0.992
A,Polymer 3,0.901,1.226,1.003,0.957
A,Polymer 3,0.935,1.147,1.014,0.982
A,Polymer 3,0.908,1.238,1.063,0.966
A,Polymer 3,0.929,1.126,1.01,0.933
A,Polymer 3,0.912,1.102,1.003,0.962
A,Polymer 3,0.939,1.155,1.06,0.98
A,Polymer 3,0.902,1.206,0.975,0.905
A,Polymer 3,0.908,1.178,0.977,0.96
A,Polymer 3,0.922,1.111,1.015,1.023
A,Polymer 3,0.963,1.192,1.058,0.93
A,Polymer 3,0.941,1.157,1.007,0.999
A,Polymer 3,0.907,1.139,0.988,0.964
A,Polymer 3,0.963,1.178,0.974,0.961
A,Polymer 3,0.923,1.208,0.991,0.987
A,Polymer 3,0.956,1.172,1.029,0.995
A,Polymer 3,0.937,1.146,1.009,0.941
A,Polymer 3,0.901,1.16,1.06,0.965
A,Polymer 3,0.923,1.208,1.009,0.951
A,Polymer 3,0.965,1.171,1.015,0.967
A,Polymer 3,0.965,1.116,1.024,1.005
A,Polymer 3,0.943,1.113,1.056,0.937
A,Polymer 3,0.946,1.156,1.01,0.923
A,Polymer 3,0.89,1.153,0.99,0.986
A,Polymer 3,0.925,1.219,1.002,0.977
A,Polymer 3,0.895,1.162,1.017,0.943
A,Polymer 3,0.96,1.166,0.962,0.919
A,Polymer 3,0.895,1.192,1.029,0.916
A,Polymer 3,0.933,1.113,0.964,0.948
A,Polymer 3,0.944,1.202,1.031,0.973
A,Polymer 3,0.93,1.182,0.997,1.001
A,Polymer 3,0.943,1.143,1.01,0.928
A,Polymer 3,0.96,1.15,0.993,0.986
A,Polymer 3,0.904,1.178,1.028,0.982
A,Polymer 3,0.886,1.211,1.003,0.909
A,Polymer 3,0.923,1.17,1.002,0.995
A,Polymer 3,0.952,1.181,0.972,0.946
A,Polymer 3,0.896,1.208,0.994,0.946
A,Polymer 3,0.961,1.162,0.99,0.979
A,Polymer 3,0.935,1.215,0.989,0.963
A,Polymer 3,0.889,1.217,1.051,0.986
A,Polymer 3,0.921,1.205,0.998,0.924
A,Polymer 3,0.976,1.192,1.028,0.985
A,Polymer 3,0.976,1.172,0.994,0.926
A,Polymer 3,0.89,1.219,1.026,0.988
A,Polymer 3,0.89,1.211,1.003,1.008
A,Polymer 3,0.95,1.179,0.963,0.992
A,Polymer 3,0.955,1.195,0.989,0.971
A,Polymer 3,0.884,1.229,0.966,0.959
A,Polymer 3,0.897,1.16,0.978,0.935
A,Polymer 3,0.939,1.213,1.035,0.986
A,Polymer 3,0.953,1.142,1.019,1.003
A,Polymer 3,0.913,1.18,1.047,0.948
A,Polymer 3,0.933,1.23,1.029,0.916
A,Polymer 3,0.956,1.12,1.018,0.927
A,Polymer 3,0.962,1.148,0.973,0.922
A,Polymer 3,0.975,1.221,1.041,0.923
A,Polymer 3,0.947,1.187,0.987,0.956
A,Polymer 3,0.894,1.201,1.022,0.935
A,Polymer 3,0.887,1.174,1.057,0.99
A,Polymer 3,0.941,1.215,0.963,0.957
A,Polymer 3,0.916,1.203,0.98,0.964
A,Polymer 3,0.939,1.159,1.041,0.936
A,Polymer 3,0.906,1.208,0.976,0.99
A,Polymer 3,0.916,1.136,1.024,0.938
A,Polymer 3,0.925,1.202,1.024,0.926
A,Polymer 3,0.918,1.222,1.036,0.961
A,Polymer 3,0.901,1.222,0.977,0.972
A,Polymer 3,0.941,1.213,0.983,0.938
A,Polymer 3,0.9,1.212,1.048,0.933
A,Polymer 3,0.882,1.126,1.022,0.99
A,Polymer 3,0.97,1.208,0.999,0.967
A,Polymer 3,0.965,1.186,1.048,0.973
A,Polymer 3,0.937,1.107,1.047,0.957
A,Polymer 3,0.953,1.092,1.023,0.965
A,Polymer 3,0.956,1.154,1.056,0.914
A,Polymer 3,0.913,1.128,1.008,0.953
A,Polymer 3,0.94,1.174,0.983,0.952
A,Polymer 3,0.934,1.158,0.98,0.951
A,Polymer 3,0.944,1.166,1.019,0.896
A,Polymer 3,0.899,1.128,1.005,0.911
A,Polymer 3,0.898,1.221,1.019,0.92
A,Polymer 3,0.899,1.191,0.994,0.937
A,Polymer 3,0.979,1.196,1.007,0.935
A,Polymer 3,0.968,1.171,1.012,0.95
A,Polymer 3,0.983,1.12,0.994,1.048
A,Polymer 3,0.923,1.167,0.965,1.026
A,Polymer 3,0.955,1.103,1.042,1.467
A,Polymer 3,0.911,1.176,0.907,1.074
A,Polymer 3,0.876,1.007,0.929,0.785
A,Polymer 3,0.844,0.921,0.968,0.836
A,Polymer 3,0.839,0.802,0.994,0.895
A,Polymer 3,0.894,0.782,0.936,0.95
A,Polymer 3,0.955,0.94,0.959,0.952
A,Polymer 3,0.954,1.064,0.952,0.963
A,Polymer 3,0.981,1.186,1.004,1.035
A,Polymer 3,1.051,1.246,1.016,1.005
A,Polymer 3,1.021,1.188,1.026,1.148
A,Polymer 3,1.036,1.149,0.98,1.163
A,Polymer 3,0.935,1.026,0.973,1.153
A,Polymer 3,0.888,0.979,0.999,1.299
A,Polymer 3,0.954,0.915,0.955,1.359
A,Polymer 3,0.973,0.921,1.004,1.283
A,Polymer 3,0.98,1.008,1.041,1.284
A,Polymer 3,0.939,1.155,0.979,1.194
A,Polymer 3,1.016,1.167,0.983,1.203
A,Polymer 3,0.939,1.165,0.985,1.166
A,Polymer 3,0.976,1.133,1.003,1.131
A,Polymer 3,0.92,1.055,1.021,1.127
A,Polymer 3,0.949,0.99,1.018,1.126
A,Polymer 3,0.873,1.021,1.002,1.109
A,Polymer 3,0.921,0.971,0.969,1.077
A,Polymer 3,0.861,0.905,1.043,1.06
B,Polymer 1,1.528,1.239,1.122,8.507
B,Polymer 1,1.527,1.22,1.069,8.402
B,Polymer 1,1.536,1.097,1.13,8.242
B,Polymer 1,1.584,1.072,1.101,7.807
B,Polymer 1,1.549,1.088,1.069,8.442
B,Polymer 1,1.577,1.125,1.109,8.242
B,Polymer 1,1.496,1.145,1.135,8.291
B,Polymer 1,1.6,1.269,1.056,8.107
B,Polymer 1,1.6,1.163,1.152,7.859
B,Polymer 1,1.607,1.165,1.126,7.565
B,Polymer 1,1.562,1.216,1.155,7.434
B,Polymer 1,1.631,1.17,1.121,8.185
B,Polymer 1,1.671,1.174,1.147,7.703
B,Polymer 1,1.561,1.191,1.052,8.627
B,Polymer 1,1.637,1.156,1.081,8.748
B,Polymer 1,1.624,1.131,1.109,7.989
B,Polymer 1,1.618,1.185,1.147,8.374
B,Polymer 1,1.593,1.193,1.079,7.905
B,Polymer 1,1.561,1.173,1.141,8.325
B,Polymer 1,1.585,1.173,1.086,7.802
B,Polymer 1,1.585,1.147,1.11,7.893
B,Polymer 1,1.637,1.217,1.129,8.473
B,Polymer 1,1.609,1.116,1.109,7.704
B,Polymer 1,1.594,1.207,1.121,8.123
B,Polymer 1,1.625,1.214,1.088,7.721
B,Polymer 1,1.575,1.111,1.106,7.466
B,Polymer 1,1.508,1.211,1.091,7.336
B,Polymer 1,1.615,1.211,1.068,7.42
B,Polymer 1,1.551,1.159,1.126,7.166
B,Polymer 1,1.477,1.205,1.135,7.095
B,Polymer 1,1.551,1.248,1.084,7.05
B,Polymer 1,1.485,1.16,1.066,7.463
B,Polymer 1,1.611,1.227,1.151,7.538
B,Polymer 1,1.526,1.231,1.071,7.567
B,Polymer 1,1.663,1.121,1.105,7.32
B,Polymer 1,1.625,1.13,1.124,7.545
B,Polymer 1,1.569,1.183,1.128,7.946
B,Polymer 1,1.581,1.199,1.125,7.896
B,Polymer 1,1.578,1.199,1.097,8.048
B,Polymer 1,1.618,1.185,1.081,7.776
B,Polymer 1,1.564,1.156,1.126,7.85
B,Polymer 1,1.637,1.188,1.134,8.312
B,Polymer 1,1.653,1.181,1.122,8.237
B,Polymer 1,1.612,1.207,1.067,8.407
B,Polymer 1,1.571,1.133,1.113,7.597
B,Polymer 1,1.58,1.132,1.124,8.245
B,Polymer 1,1.61,1.142,1.047,7.898
B,Polymer 1,1.616,1.12,1.099,7.747
B,Polymer 1,1.628,1.129,1.101,8.135
B,Polymer 1,1.615,1.18,1.052,8.021
B,Polymer 1,1.53,1.2,1.139,7.718
B,Polymer 1,1.634,1.138,1.136,7.955
B,Polymer 1,1.559,1.146,1.067,8.464
B,Polymer 1,1.559,1.186,1.086,7.729
B,Polymer 1,1.5,1.184,1.106,7.796
B,Polymer 1,1.537,1.164,1.085,8.081
B,Polymer 1,1.664,1.158,1.121,8.211
B,Polymer 1,1.681,1.181,1.141,8.163
B,Polymer 1,1.564,1.199,1.082,8.57
B,Polymer 1,1.621,1.163,1.102,8.3
B,Polymer 1,1.591,1.208,1.065,8.996
B,Polymer 1,1.697,1.139,1.115,8.793
B,Polymer 1,1.565,1.113,1.141,8.182
B,Polymer 1,1.699,1.209,1.155,8.627
B,Polymer 1,1.647,1.106,1.154,9.11
B,Polymer 1,1.53,1.15,1.157,8.47
B,Polymer 1,1.524,1.181,1.125,8.208
B,Polymer 1,1.605,1.115,1.075,7.995
B,Polymer 1,1.664,1.099,1.139,8.504
B,Polymer 1,1.604,1.175,1.075,8.267
B,Polymer 1,1.573,1.105,1.154,8.657
B,Polymer 1,1.673,1.132,1.077,8.317
B,Polymer 1,1.674,1.16,1.144,8.286
B,Polymer 1,1.592,1.121,1.127,8.147
B,Polymer 1,1.556,1.182,1.109,8.544
B,Polymer 1,1.637,1.218,1.052,8.015
B,Polymer 1,1.658,1.183,1.154,7.857
B,Polymer 1,1.686,1.219,1.11,8.205
B,Polymer 1,1.663,1.117,1.057,8.287
B,Polymer 1,1.534,1.173,1.048,8.094
B,Polymer 1,1.488,1.096,1.108,8.819
B,Polymer 1,1.479,1.083,1.082,8.383
B,Polymer 1,1.519,1.048,1.084,7.729
B,Polymer 1,1.493,1.044,1.098,7.429
B,Polymer 1,1.557,1.113,1.124,8.055
B,Polymer 1,1.601,1.103,1.13,7.938
B,Polymer 1,1.535,1.186,1.1,7.785
B,Polymer 1,1.55,1.085,1.07,8.284
B,Polymer 1,1.578,1.054,1.131,8.207
B,Polymer 1,1.545,1.065,1.091,8.735
B,Polymer 1,1.541,1.113,1.09,8.42
B,Polymer 1,1.486,1.134,1.132,9.016
B,Polymer 1,1.478,1.105,1.133,8.891
B,Polymer 1,1.586,1.164,1.06,8.663
B,Polymer 1,1.557,1.251,1.066,8.655
B,Polymer 1,1.504,1.156,1.146,8.796
B,Polymer 1,1.489,1.117,1.075,8.616
B,Polymer 1,1.457,1.144,1.076,8.632
B,Polymer 1,1.474,1.092,1.141,8.771
B,Polymer 1,1.504,1.192,1.116,8.604
B,Polymer 1,1.574,1.153,1.146,7.949
B,Polymer 1,1.525,1.206,1.111,7.871
B,Polymer 1,1.471,1.201,1.053,7.645
B,Polymer 1,1.544,1.118,1.148,7.101
B,Polymer 1,1.575,1.17,1.134,7.687
B,Polymer 1,1.473,1.088,1.097,7.187
B,Polymer 1,1.522,1.113,1.129,7.557
B,Polymer 1,1.519,1.167,1.067,7.329
B,Polymer 1,1.509,1.211,1.083,7.412
B,Polymer 1,1.512,1.133,1.079,7.939
B,Polymer 1,1.627,1.127,1.15,7.688
B,Polymer 1,1.61,1.107,1.146,8.177
B,Polymer 1,1.569,1.134,1.116,7.771
B,Polymer 1,1.582,1.12,1.057,7.845
B,Polymer 1,1.63,1.189,1.061,8.228
B,Polymer 1,1.639,1.148,1.122,8.676
B,Polymer 1,1.647,1.115,1.084,8.173
B,Polymer 1,1.585,1.101,1.133,8.112
B,Polymer 1,1.634,1.124,1.048,7.954
B,Polymer 1,1.678,1.192,1.058,8.265
B,Polymer 1,1.662,1.144,1.126,8.695
B,Polymer 1,1.619,1.106,1.079,8.393
B,Polymer 1,1.583,1.151,1.058,8.283
B,Polymer 1,1.537,1.225,1.125,6.893
B,Polymer 1,1.586,1.223,1.122,6.806
B,Polymer 1,1.621,1.234,1.075,7.143
B,Polymer 1,1.689,1.181,1.117,7.695
B,Polymer 1,1.604,1.104,1.105,8.445
B,Polymer 1,1.611,1.072,1.047,8.654
B,Polymer 1,1.64,1.09,1.069,8.973
B,Polymer 1,1.712,1.101,1.144,9.239
B,Polymer 1,1.604,1.283,1.153,9.963
B,Polymer 1,1.706,1.293,1.127,10.003
B,Polymer 1,1.533,1.255,1.067,9.247
B,Polymer 1,1.635,1.14,1.109,9.282
B,Polymer 1,1.486,1.189,1.117,9.136
B,Polymer 1,1.473,1.096,1.144,8.751
B,Polymer 1,1.519,1.158,1.099,8.255
B,Polymer 1,1.508,1.166,1.155,8.011
B,Polymer 1,1.601,1.164,1.156,8.154
B,Polymer 1,1.578,1.202,1.123,8.098
B,Polymer 1,1.572,1.162,1.095,7.757
B,Polymer 1,1.477,1.199,1.084,7.691
B,Polymer 1,1.535,1.163,1.115,7.562
B,Polymer 1,1.456,1.172,1.156,7.213
B,Polymer 1,1.435,1.098,1.071,7.05
B,Polymer 1,1.376,1.071,1.117,7.314
B,Polymer 1,1.397,1.153,1.047,7.026
B,Polymer 1,1.532,1.183,1.079,7.003
B,Polymer 1,1.519,1.179,1.054,6.68
B,Polymer 1,1.578,1.211,1.094,6.796
B,Polymer 1,1.57,1.233,1.112,7.275
B,Polymer 1,1.514,1.192,1.147,7.422
B,Polymer 1,1.619,1.119,1.119,7.93
B,Polymer 1,1.521,1.142,1.114,8.308
B,Polymer 1,1.616,1.05,1.107,8.395
B,Polymer 1,1.626,1.154,1.1,8.087
B,Polymer 1,1.568,1.164,1.062,7.897
B,Polymer 1,1.622,1.209,1.111,7.751
B,Polymer 1,1.591,1.192,1.083,8.191
B,Polymer 1,1.55,1.187,1.11,8.065
B,Polymer 1,1.575,1.152,1.087,8.633
B,Polymer 1,1.598,1.227,1.049,8.486
B,Polymer 1,1.663,1.198,1.081,8.223
B,Polymer 1,1.667,1.176,1.049,8.656
B,Polymer 1,1.633,1.229,1.051,8.651
B,Polymer 1,1.71,1.154,1.125,8.556
B,Polymer 1,1.708,1.189,1.113,8.53
B,Polymer 1,1.629,1.121,1.112,8.443
B,Polymer 1,1.583,1.111,1.15,9.136
B,Polymer 1,1.645,1.119,1.082,9.261
B,Polymer 1,1.603,1.116,1.121,9.063
B,Polymer 1,1.629,1.187,1.084,9.229
B,Polymer 1,1.693,1.206,1.083,8.545
B,Polymer 1,1.605,1.244,1.132,8.631
B,Polymer 1,1.57,1.238,1.162,8.61
B,Polymer 1,1.654,1.181,1.157,9.012
B,Polymer 1,1.667,1.151,1.078,9.403
B,Polymer 1,1.589,1.207,1.107,9.631
B,Polymer 1,1.654,1.083,1.096,9.612
B,Polymer 1,1.631,1.155,1.058,9.129
B,Polymer 1,1.65,1.131,1.158,9.612
B,Polymer 1,1.645,1.082,1.103,9.556
B,Polymer 1,1.616,1.121,1.093,9.242
B,Polymer 1,1.571,1.181,1.134,9.028
B,Polymer 1,1.698,1.154,1.069,9.208
B,Polymer 1,1.621,1.264,1.162,8.577
B,Polymer 1,1.681,1.228,1.158,8.849
B,Polymer 1,1.673,1.202,1.096,9.223
B,Polymer 1,1.564,1.137,1.09,8.696
B,Polymer 1,1.654,1.128,1.102,8.887
B,Polymer 1,1.605,1.097,1.112,9.239
B,Polymer 1,1.615,1.16,1.155,8.956
B,Polymer 1,1.569,1.102,1.08,8.308
B,Polymer 1,1.575,1.141,1.131,7.954
B,Polymer 1,1.644,1.121,1.139,8.486
B,Polymer 1,1.565,1.124,1.08,7.318
B,Polymer 1,1.544,1.227,1.147,7.254
B,Polymer 1,1.566,1.19,1.127,7.345
B,Polymer 1,1.606,1.205,1.059,7.726
B,Polymer 1,1.521,1.187,1.097,7.392
B,Polymer 1,1.549,1.187,1.069,7.294
B,Polymer 1,1.532,1.181,1.082,7.487
B,Polymer 1,1.636,1.168,1.048,7.514
B,Polymer 1,1.602,1.178,1.051,7.756
B,Polymer 1,1.633,1.16,1.128,7.467
B,Polymer 1,1.633,1.215,1.135,7.858
B,Polymer 1,1.598,1.17,1.127,7.664
B,Polymer 1,1.609,1.131,1.114,7.604
B,Polymer 1,1.518,1.14,1.083,7.383
B,Polymer 1,1.51,1.206,1.136,7.732
B,Polymer 1,1.589,1.155,1.132,7.503
B,Polymer 1,1.632,1.101,1.054,7.246
B,Polymer 1,1.492,1.073,1.1,7.597
B,Polymer 1,1.585,1.14,1.126,7.612
B,Polymer 1,1.534,1.207,1.125,7.142
B,Polymer 1,1.662,1.213,1.123,7.413
B,Polymer 1,1.58,1.117,1.048,7.361
B,Polymer 1,1.594,1.113,1.148,7.852
B,Polymer 1,1.566,1.192,1.081,7.448
B,Polymer 1,1.559,1.101,1.154,7.589
B,Polymer 1,1.524,1.147,1.101,7.313
B,Polymer 1,1.647,1.189,1.117,7.576
B,Polymer 1,1.538,1.195,1.069,7.824
B,Polymer 1,1.628,1.165,1.092,7.465
B,Polymer 1,1.519,1.2,1.085,7.683
B,Polymer 1,1.516,1.106,1.125,7.897
B,Polymer 1,1.68,1.111,1.097,7.524
B,Polymer 1,1.639,1.233,1.051,7.802
B,Polymer 1,1.674,1.195,1.134,7.668
B,Polymer 1,1.602,1.181,1.053,7.71
B,Polymer 1,1.545,1.156,1.08,8.187
B,Polymer 1,1.526,1.142,1.109,7.592
B,Polymer 1,1.676,1.152,1.049,7.405
B,Polymer 1,1.635,1.087,1.111,7.563
B,Polymer 1,1.558,1.074,1.09,7.925
B,Polymer 1,1.589,1.111,1.047,7.997
B,Polymer 1,1.625,1.128,1.072,7.953
B,Polymer 1,1.542,1.163,1.11,8.256
B,Polymer 1,1.529,1.128,1.115,8.326
B,Polymer 1,1.625,1.175,1.13,8.674
B,Polymer 1,1.577,1.124,1.065,7.954
B,Polymer 1,1.621,1.245,1.128,7.945
B,Polymer 1,1.675,1.22,1.142,8.221
B,Polymer 1,1.665,1.17,1.07,7.712
B,Polymer 1,1.643,1.16,1.122,8.455
B,Polymer 1,1.705,1.225,1.145,8.422
B,Polymer 1,1.646,1.177,1.137,7.818
B,Polymer 1,1.644,1.164,1.142,8.627
B,Polymer 1,1.646,1.106,1.103,8.372
B,Polymer 1,1.536,1.104,1.093,8.391
B,Polymer 1,1.596,1.037,1.064,9.028
B,Polymer 1,1.453,1.032,1.13,9.019
B,Polymer 1,1.525,1.042,1.115,8.583
B,Polymer 1,1.547,1.162,1.143,7.825
B,Polymer 1,1.517,1.098,1.115,8.014
B,Polymer 1,1.505,1.111,1.076,7.622
B,Polymer 1,1.47,1.075,1.121,7.422
B,Polymer 1,1.468,1.115,1.084,7.852
B,Polymer 1,1.569,1.116,1.052,7.776
B,Polymer 1,1.47,1.127,1.157,7.866
B,Polymer 1,1.49,1.148,1.072,7.629
B,Polymer 1,1.495,1.141,1.078,8.143
B,Polymer 1,1.453,1.058,1.082,7.877
B,Polymer 1,1.446,1.174,1.052,7.599
B,Polymer 1,1.47,1.139,1.055,7.829
B,Polymer 1,1.484,1.264,1.088,7.77
B,Polymer 1,1.598,1.174,1.131,7.629
B,Polymer 1,1.592,1.194,1.091,8.137
B,Polymer 1,1.536,1.083,1.1,8.113
B,Polymer 1,1.526,1.085,1.131,7.886
B,Polymer 1,1.532,1.143,1.11,7.822
B,Polymer 1,1.612,1.165,1.087,8.061
B,Polymer 1,1.516,1.234,1.055,8.215
B,Polymer 1,1.638,1.271,1.064,7.79
B,Polymer 1,1.667,1.131,1.087,7.863
B,Polymer 1,1.496,1.094,1.109,8.201
B,Polymer 1,1.542,1.173,1.087,7.922
B,Polymer 1,1.523,1.117,1.15,7.735
B,Polymer 1,1.611,1.159,1.149,7.771
B,Polymer 1,1.572,1.145,1.117,8.207
B,Polymer 1,1.576,1.158,1.078,8.269
B,Polymer 1,1.695,1.13,1.098,8.541
B,Polymer 1,1.595,1.225,1.064,8.277
B,Polymer 1,1.607,1.161,1.065,8.379
B,Polymer 1,1.604,1.201,1.062,7.911
B,Polymer 1,1.608,1.191,1.104,8.48
B,Polymer 1,1.608,1.088,1.123,8.168
B,Polymer 1,1.561,1.072,1.142,8.265
B,Polymer 1,1.657,1.064,1.091,8.255
B,Polymer 1,1.6,1.133,1.115,7.978
B,Polymer 1,1.559,1.162,1.13,8.193
B,Polymer 1,1.622,1.155,1.134,8.757
B,Polymer 1,1.693,1.111,1.147,8.856
B,Polymer 1,1.682,1.181,1.135,9.232
B,Polymer 1,1.732,1.177,1.075,9.237
B,Polymer 1,1.562,1.155,1.075,8.212
B,Polymer 1,1.62,1.188,1.06,8.051
B,Polymer 1,1.629,1.162,1.087,8.595
B,Polymer 1,1.62,1.181,1.147,8.195
B,Polymer 1,1.663,1.136,1.095,8.785
B,Polymer 1,1.609,1.27,1.056,7.826
B,Polymer 1,1.566,1.266,1.104,7.675
B,Polymer 1,1.578,1.181,1.146,7.857
B,Polymer 1,1.491,1.16,1.146,8.058
B,Polymer 1,1.494,1.136,1.062,7.9
B,Polymer 1,1.545,1.123,1.117,7.601
B,Polymer 1,1.543,1.145,1.115,7.668
B,Polymer 1,1.609,1.22,1.086,8.207
B,Polymer 1,1.617,1.257,1.101,8.072
B,Polymer 1,1.524,1.132,1.099,7.938
B,Polymer 1,1.632,1.241,1.099,8.358
B,Polymer 1,1.538,1.175,1.134,8.384
B,Polymer 1,1.614,1.174,1.088,8.337
B,Polymer 1,1.551,1.174,1.064,8.102
B,Polymer 1,1.589,1.226,1.061,8.226
B,Polymer 1,1.634,1.195,1.069,8.147
B,Polymer 1,1.546,1.203,1.152,7.799
B,Polymer 1,1.661,1.2,1.059,8.575
B,Polymer 1,1.613,1.148,1.049,8.555
B,Polymer 1,1.494,1.157,1.089,8.681
B,Polymer 1,1.619,1.136,1.12,7.946
B,Polymer 1,1.537,1.203,1.124,7.971
B,Polymer 1,1.561,1.198,1.092,7.494
B,Polymer 1,1.556,1.176,1.136,7.701
B,Polymer 1,1.652,1.231,1.148,7.709
B,Polymer 1,1.511,1.236,1.098,7.865
B,Polymer 1,1.556,1.129,1.066,7.871
B,Polymer 1,1.661,1.197,1.054,8.557
B,Polymer 1,1.589,1.182,1.084,8.061
B,Polymer 1,1.608,1.218,1.092,7.933
B,Polymer 1,1.617,1.11,1.101,7.806
B,Polymer 1,1.525,1.161,1.069,8.174
B,Polymer 1,1.465,1.108,1.142,7.941
B,Polymer 1,1.528,1.163,1.132,8.064
B,Polymer 1,1.631,1.173,1.06,7.434
B,Polymer 1,1.627,1.166,1.079,7.776
B,Polymer 1,1.691,1.22,1.111,8.045
B,Polymer 1,1.701,1.219,1.121,7.762
B,Polymer 1,1.619,1.225,1.089,7.526
B,Polymer 1,1.635,1.198,1.154,8.268
B,Polymer 1,1.648,1.232,1.069,8.009
B,Polymer 1,1.614,1.232,1.083,8.145
B,Polymer 1,1.595,1.128,1.135,7.857
B,Polymer 1,1.613,1.142,1.147,8.284
B,Polymer 1,1.632,1.156,1.052,7.94
B,Polymer 1,1.661,1.119,1.084,8.032
B,Polymer 1,1.611,1.169,1.143,7.798
B,Polymer 1,1.579,1.176,1.155,7.574
B,Polymer 1,1.659,1.101,1.062,7.674
B,Polymer 1,1.552,1.201,1.135,7.975
B,Polymer 1,1.641,1.123,1.08,7.677
B,Polymer 1,1.595,1.175,1.139,7.936
B,Polymer 1,1.634,1.22,1.114,8.443
B,Polymer 1,1.597,1.258,1.078,7.68
B,Polymer 1,1.651,1.168,1.136,8.054
B,Polymer 1,1.626,1.195,1.108,7.881
B,Polymer 1,1.655,1.198,1.058,7.974
B,Polymer 1,1.718,1.258,1.116,7.611
B,Polymer 1,1.545,1.186,1.084,8.252
B,Polymer 1,1.649,1.18,1.131,7.624
B,Polymer 1,1.691,1.125,1.101,7.927
B,Polymer 1,1.554,1.214,1.092,7.597
B,Polymer 1,1.691,1.155,1.074,8.154
B,Polymer 1,1.591,1.101,1.085,8.211
B,Polymer 1,1.536,1.148,1.124,8.072
B,Polymer 1,1.634,1.146,1.115,8.585
B,Polymer 1,1.569,1.092,1.109,8.595
B,Polymer 1,1.535,1.187,1.106,8.359
B,Polymer 1,1.596,1.177,1.062,8.254
B,Polymer 1,1.721,1.215,1.058,8.057
B,Polymer 1,1.614,1.159,1.081,8.505
B,Polymer 1,1.638,1.139,1.06,8.424
B,Polymer 1,1.672,1.213,1.074,8.315
B,Polymer 1,1.659,1.182,1.069,7.83
B,Polymer 1,1.661,1.171,1.091,7.678
B,Polymer 1,1.642,1.144,1.118,7.753
B,Polymer 1,1.581,1.239,1.146,7.553
B,Polymer 1,1.549,1.138,1.079,7.826
B,Polymer 1,1.602,1.129,1.073,7.572
B,Polymer 1,1.474,1.138,1.124,6.993
B,Polymer 1,1.64,1.154,1.13,7.363
B,Polymer 1,1.593,1.193,1.133,7.049
B,Polymer 1,1.645,1.211,1.104,7.404
B,Polymer 1,1.503,1.212,1.146,7.683
B,Polymer 1,1.59,1.202,1.106,7.646
B,Polymer 1,1.694,1.174,1.078,8.235
B,Polymer 1,1.573,1.113,1.101,7.92
B,Polymer 1,1.532,1.201,1.13,8.426
B,Polymer 1,1.523,1.218,1.121,7.912
B,Polymer 1,1.637,1.15,1.072,8.186
B,Polymer 1,1.51,1.132,1.129,8.275
B,Polymer 1,1.519,1.213,1.049,7.624
B,Polymer 1,1.599,1.128,1.074,7.79
B,Polymer 1,1.681,1.193,1.061,8.06
B,Polymer 1,1.612,1.194,1.151,7.564
B,Polymer 1,1.568,1.178,1.055,8.104
B,Polymer 1,1.614,1.225,1.15,8.278
B,Polymer 1,1.453,1.22,1.139,8.348
B,Polymer 1,1.608,1.157,1.099,8.236
B,Polymer 1,1.674,1.124,1.13,7.181
B,Polymer 1,1.681,1.146,1.09,7.259
B,Polymer 1,1.652,1.196,1.049,7.525
B,Polymer 1,1.616,1.148,1.087,7.784
B,Polymer 1,1.605,1.145,1.107,8.294
B,Polymer 1,1.74,1.206,1.045,8.226
B,Polymer 1,1.744,1.214,1.079,8.208
B,Polymer 1,1.693,1.124,1.076,8.837
B,Polymer 3,0.984,1.08,0.982,0.934
B,Polymer 3,1.07,1.025,0.98,1.004
B,Polymer 3,1.055,1.088,0.937,0.972
B,Polymer 3,1.072,1.088,0.999,0.983
B,Polymer 3,1.083,1.077,0.957,0.99
B,Polymer 3,1.062,1.081,0.95,1.073
B,Polymer 3,1.017,1.048,1,1.076
B,Polymer 3,1.086,1.109,0.986,1.038
B,Polymer 3,1.035,1.104,0.978,1.061
B,Polymer 3,1.141,1.165,1.028,1.063
B,Polymer 3,1.093,1.132,1.001,1.011
B,Polymer 3,1.079,1.148,0.964,1.036
B,Polymer 3,1.027,1.12,1.009,1.04
B,Polymer 3,1.072,1.154,0.96,1.066
B,Polymer 3,1.037,1.13,0.979,1.036
B,Polymer 3,1.045,1.132,1.013,1.101
B,Polymer 3,1.095,1.187,1.01,1.139
B,Polymer 3,1.107,1.149,0.992,1.103
B,Polymer 3,1.129,1.13,0.975,1.097
B,Polymer 3,1.02,1.164,0.958,1.133
B,Polymer 3,1.106,1.119,0.982,1.097
B,Polymer 3,1.119,1.165,1.024,1.097
B,Polymer 3,1.113,1.13,0.979,1.145
B,Polymer 3,1.146,1.139,0.984,1.098
B,Polymer 3,1.085,1.096,0.982,1.126
B,Polymer 3,1.053,1.169,0.962,1.116
B,Polymer 3,1.048,1.137,0.942,1.055
B,Polymer 3,1.14,1.178,0.993,1.101
B,Polymer 3,1.13,1.195,0.973,1.076
B,Polymer 3,1.083,1.096,0.949,1.04
B,Polymer 3,1.035,1.095,1.007,1.052
B,Polymer 3,1.025,1.175,0.966,1.067
B,Polymer 3,1.091,1.106,0.972,1.074
B,Polymer 3,1.042,1.148,0.949,0.994
B,Polymer 3,1.05,1.148,0.993,1.03
B,Polymer 3,1.108,1.204,0.947,0.953
B,Polymer 3,1.074,1.116,0.947,1.021
B,Polymer 3,1.063,1.117,0.965,0.942
B,Polymer 3,1.092,1.103,0.988,0.969
B,Polymer 3,1.071,1.141,0.983,1.014
B,Polymer 3,1.019,1.18,0.971,0.952
B,Polymer 3,1.012,1.105,1.003,0.98
B,Polymer 3,1.054,1.21,0.993,1.037
B,Polymer 3,1.048,1.128,0.993,0.953
B,Polymer 3,1.04,1.193,0.993,1.002
B,Polymer 3,1.073,1.174,0.949,0.998
B,Polymer 3,1.048,1.159,0.952,1.022
B,Polymer 3,1.147,1.165,1.022,1.09
B,Polymer 3,1.103,1.164,0.995,1.03
B,Polymer 3,1.078,1.156,1.001,1.076
B,Polymer 3,1.128,1.159,0.975,1.039
B,Polymer 3,1.069,1.2,0.972,1.027
B,Polymer 3,1.089,1.14,0.989,1.081
B,Polymer 3,1.071,1.154,0.96,1.099
B,Polymer 3,1.076,1.129,1.018,1.014
B,Polymer 3,1.048,1.114,0.968,1.115
B,Polymer 3,1.066,1.09,0.994,1.109
B,Polymer 3,1.083,1.195,0.94,1.051
B,Polymer 3,1.103,1.123,0.989,1.12
B,Polymer 3,1.133,1.083,0.999,1.073
B,Polymer 3,1.044,1.099,0.989,1.06
B,Polymer 3,1.059,1.203,1.002,1.061
B,Polymer 3,1.069,1.147,0.984,1.03
B,Polymer 3,1.119,1.112,1,1.094
B,Polymer 3,1.124,1.162,0.995,1.165
B,Polymer 3,1.121,1.102,0.994,1.093
B,Polymer 3,1.049,1.129,1.012,1.088
B,Polymer 3,1.1,1.112,1.027,1.038
B,Polymer 3,1.048,1.149,0.978,1.007
B,Polymer 3,1.058,1.114,1.018,0.977
B,Polymer 3,1.059,1.157,0.962,1.046
B,Polymer 3,1.038,1.125,0.943,1.059
B,Polymer 3,1.018,1.186,1.007,1.09
B,Polymer 3,1.054,1.176,0.993,1.063
B,Polymer 3,1.111,1.186,0.989,1.079
B,Polymer 3,1.116,1.179,0.988,1.096
B,Polymer 3,1.041,1.075,0.974,1.078
B,Polymer 3,1.105,1.132,1.005,1.105
B,Polymer 3,1.096,1.184,0.993,1.007
B,Polymer 3,1.063,1.15,1.021,1.092
B,Polymer 3,1.072,1.11,0.999,1.118
B,Polymer 3,1.125,1.161,0.979,1.068
B,Polymer 3,1.103,1.083,1.01,1.115
B,Polymer 3,1.171,1.164,1.01,1.12
B,Polymer 3,1.116,1.11,0.988,1.112
B,Polymer 3,0.971,1.102,1.024,1.099
B,Polymer 3,1.034,1.096,0.968,1.023
B,Polymer 3,0.999,1.143,0.965,1.03
B,Polymer 3,1.107,1.129,0.976,0.94
B,Polymer 3,1.134,1.143,1.006,0.929
B,Polymer 3,1.174,1.215,0.972,1.025
B,Polymer 3,1.054,1.046,0.958,1.086
B,Polymer 3,1.065,1.03,0.939,1.201
B,Polymer 3,1.053,1.106,0.965,1.175
B,Polymer 3,1.097,1.054,1.011,1.216
B,Polymer 3,1.161,1.088,0.98,1.133
B,Polymer 3,1.082,1.199,0.981,1.197
B,Polymer 3,1.137,1.086,0.96,1.157
B,Polymer 3,1.08,1.135,0.997,1.124
B,Polymer 3,1.087,1.096,0.933,1.107
B,Polymer 3,1.139,1.117,0.947,1.165
B,Polymer 3,1.055,1.102,0.995,1.133
B,Polymer 3,1.082,1.155,0.943,1.135
B,Polymer 3,1.076,1.072,0.996,1.183
B,Polymer 3,1.089,1.108,1.006,1.169
B,Polymer 3,1.089,1.169,0.977,1.227
B,Polymer 3,1.15,1.11,1.019,1.228
B,Polymer 3,1.111,1.09,0.98,1.237
B,Polymer 3,1.116,1.143,1.011,1.208
B,Polymer 3,1.169,1.101,0.965,1.108
B,Polymer 3,1.125,1.065,1.01,1.151
B,Polymer 3,1.111,1.164,0.949,1.145
B,Polymer 3,1.099,1.082,0.964,1.166
B,Polymer 3,1.061,1.096,1.008,1.178
B,Polymer 3,1.027,1.087,0.949,1.069
B,Polymer 3,1.056,1.156,0.964,1.141
B,Polymer 3,1.104,1.083,0.968,1.127
B,Polymer 3,1.116,1.113,0.935,1.139
B,Polymer 3,1.133,1.139,0.973,1.098
B,Polymer 3,1.143,1.141,0.973,1.017
B,Polymer 3,1.015,1.161,0.983,1.051
B,Polymer 3,1.096,1.017,0.966,0.986
B,Polymer 3,1.114,1.072,1.017,0.985
B,Polymer 3,1.049,1.19,0.928,1.022
B,Polymer 3,1.041,1.222,0.93,0.991
B,Polymer 3,1.013,1.202,0.963,0.933
B,Polymer 3,1.046,1.176,1.017,0.998
B,Polymer 3,1.088,1.115,1.021,0.952
B,Polymer 3,1.115,1.185,0.97,1.009
B,Polymer 3,1.15,1.178,0.939,0.987
B,Polymer 3,1.064,1.066,1.001,1.07
B,Polymer 3,1.085,1.078,1.012,1.086
B,Polymer 3,1.097,1.117,0.931,1.074
B,Polymer 3,1.1,1.126,0.931,1.085
B,Polymer 3,1.137,1.183,0.947,1.121
B,Polymer 3,1.137,1.131,0.995,1.137
B,Polymer 3,1.122,1.127,0.98,1.138
B,Polymer 3,1.086,1.141,0.964,1.114
B,Polymer 3,1.136,1.073,1.016,1.181
B,Polymer 3,1.114,1.158,1.017,1.161
B,Polymer 3,1.098,1.162,0.985,1.133
B,Polymer 3,1.151,1.091,0.961,1.199
B,Polymer 3,1.08,1.167,0.961,1.189
B,Polymer 3,1.088,1.128,0.946,1.192
B,Polymer 3,1.123,1.12,0.954,1.166
B,Polymer 3,1.093,1.074,0.949,1.111
B,Polymer 3,1.13,1.126,1.024,1.181
B,Polymer 3,1.156,1.129,0.984,1.112
B,Polymer 3,1.115,1.132,1.016,1.073
B,Polymer 3,1.154,1.104,0.965,1.092
B,Polymer 3,1.067,1.165,0.987,1.167
B,Polymer 3,1.164,1.123,0.979,1.149
B,Polymer 3,1.141,1.134,0.939,1.187
B,Polymer 3,1.07,1.153,0.954,1.194
B,Polymer 3,1.061,1.083,0.94,1.181
B,Polymer 3,1.089,1.182,0.959,1.154
B,Polymer 3,1.085,1.123,1.008,1.122
B,Polymer 3,1.082,1.1,0.941,1.134
B,Polymer 3,1.039,1.181,0.948,1.127
B,Polymer 3,1.118,1.164,0.957,1.089
B,Polymer 3,1.057,1.121,1.026,1.065
B,Polymer 3,1.079,1.114,0.994,1.126
B,Polymer 3,1.067,1.151,0.936,1.124
B,Polymer 3,1.139,1.118,0.966,1.13
B,Polymer 3,1.093,1.17,0.961,1.096
B,Polymer 5,1.271,1.158,1.078,2.855
B,Polymer 5,1.354,1.154,1.081,2.727
B,Polymer 5,1.358,1.197,1.024,2.959
B,Polymer 5,1.373,1.193,1.03,3.228
B,Polymer 5,1.321,1.267,1.015,3.404
B,Polymer 5,1.421,1.156,1.074,3.157
B,Polymer 5,1.404,1.123,1.091,3.44
B,Polymer 5,1.381,1.11,1.076,3.347
B,Polymer 5,1.409,1.142,1.096,3.631
B,Polymer 5,1.314,1.116,0.999,3.563
B,Polymer 5,1.259,1.187,0.998,3.431
B,Polymer 5,1.386,1.252,1.03,3.488
B,Polymer 5,1.353,1.17,1.068,3.299
B,Polymer 5,1.277,1.116,1.078,3.555
B,Polymer 5,1.247,1.121,1.061,3.312
B,Polymer 5,1.272,1.22,1.08,3.269
B,Polymer 5,1.289,1.215,1.022,3.481
B,Polymer 5,1.222,1.239,0.996,3.497
B,Polymer 5,1.22,1.215,1,3.242
B,Polymer 5,1.252,1.204,1.047,3.209
B,Polymer 5,1.241,1.181,1.067,2.889
B,Polymer 5,1.263,1.184,1.063,3.163
B,Polymer 5,1.283,1.258,1.061,2.955
B,Polymer 5,1.382,1.235,1.059,2.956
B,Polymer 5,1.348,1.212,1.053,3.103
B,Polymer 5,1.394,1.155,1.059,3.175
B,Polymer 5,1.371,1.144,1.035,3.193
B,Polymer 5,1.348,1.217,1.093,3.321
B,Polymer 5,1.26,1.239,1.05,3.12
B,Polymer 5,1.336,1.192,1.076,3.089
B,Polymer 5,1.309,1.138,1.014,2.927
B,Polymer 5,1.284,1.18,1.076,3.014
B,Polymer 5,1.338,1.144,1.048,2.895
B,Polymer 5,1.289,1.164,1.034,2.887
B,Polymer 5,1.375,1.128,1.043,3.068
B,Polymer 5,1.357,1.116,0.999,3.027
B,Polymer 5,1.271,1.139,1.009,3.223
B,Polymer 5,1.309,1.253,1.047,3.022
B,Polymer 5,1.336,1.254,0.995,2.971
B,Polymer 5,1.365,1.172,1.065,3.271
B,Polymer 5,1.347,1.181,1.045,3.376
B,Polymer 5,1.344,1.246,1.045,3.244
B,Polymer 5,1.279,1.227,1.057,3.249
B,Polymer 5,1.321,1.212,1.022,3.174
B,Polymer 5,1.341,1.164,1.055,3.272
B,Polymer 5,1.386,1.169,1.006,3.038
B,Polymer 5,1.329,1.13,1.04,2.955
B,Polymer 5,1.349,1.242,1.062,2.845
B,Polymer 5,1.332,1.22,1.042,3.073
B,Polymer 5,1.302,1.179,0.996,2.969
B,Polymer 5,1.369,1.146,1.039,2.961
B,Polymer 5,1.328,1.154,1.021,2.818
B,Polymer 5,1.353,1.188,1.065,3.064
B,Polymer 5,1.29,1.196,1.012,2.989
B,Polymer 5,1.395,1.238,1.051,3.012
B,Polymer 5,1.322,1.181,1.079,2.967
B,Polymer 5,1.407,1.202,1.013,3.184
B,Polymer 5,1.398,1.216,0.998,3.124
B,Polymer 5,1.427,1.231,1.02,3.21
B,Polymer 5,1.376,1.227,1.032,3.284
B,Polymer 5,1.379,1.185,1.076,3.204
B,Polymer 5,1.373,1.127,1.073,3.346
B,Polymer 5,1.353,1.206,1.013,3.107
B,Polymer 5,1.379,1.23,1.032,3.329
B,Polymer 5,1.407,1.159,1.062,3.215
B,Polymer 5,1.295,1.156,1.1,3.156
B,Polymer 5,1.317,1.138,1.071,3.215
B,Polymer 5,1.351,1.211,1.07,3.008
B,Polymer 5,1.368,1.159,1.085,3.069
B,Polymer 5,1.294,1.235,1.035,3.178
B,Polymer 5,1.407,1.163,1.033,3.261
B,Polymer 5,1.369,1.211,1.028,3.361
B,Polymer 5,1.313,1.123,1.069,3.39
B,Polymer 5,1.351,1.155,1.019,3.536
B,Polymer 5,1.41,1.143,1.042,3.277
B,Polymer 5,1.35,1.215,1.062,3.201
B,Polymer 5,1.346,1.153,1.054,3.314
B,Polymer 5,1.277,1.16,1.097,2.939
B,Polymer 5,1.302,1.236,1.03,3.005
B,Polymer 5,1.364,1.244,1.066,2.921
B,Polymer 5,1.314,1.185,1.053,2.799
B,Polymer 5,1.31,1.189,1.03,2.864
B,Polymer 5,1.327,1.16,1.072,2.77
B,Polymer 5,1.395,1.115,1.077,2.993
B,Polymer 5,1.28,1.153,1.048,2.988
B,Polymer 5,1.317,1.126,1.046,3.107
B,Polymer 5,1.364,1.208,1.062,2.915
B,Polymer 5,1.288,1.192,1.034,3.168
B,Polymer 5,1.351,1.257,1.03,2.964
B,Polymer 5,1.37,1.141,1.052,2.931
B,Polymer 5,1.288,1.16,1.09,2.941
B,Polymer 5,1.268,1.237,1.047,2.984
B,Polymer 5,1.355,1.244,1.063,2.814
B,Polymer 5,1.359,1.134,1.001,2.846
B,Polymer 5,1.27,1.149,1.001,3.039
B,Polymer 5,1.373,1.132,1.086,3.078
B,Polymer 5,1.245,1.184,1.042,3.129
B,Polymer 5,1.306,1.238,1.097,3.103
B,Polymer 5,1.367,1.275,1.095,2.972
B,Polymer 5,1.368,1.192,1.049,2.906
B,Polymer 5,1.374,1.165,1.033,3.433
B,Polymer 5,1.321,1.139,1.033,3.164
B,Polymer 5,1.354,1.121,1.087,3.323
B,Polymer 5,1.338,1.22,1.012,3.161
B,Polymer 5,1.28,1.142,1.052,3.181
B,Polymer 5,1.326,1.23,1.038,3.095
B,Polymer 5,1.317,1.204,1,3.106
B,Polymer 5,1.3,1.153,1.07,3.301
B,Polymer 5,1.392,1.227,1.054,3.289
B,Polymer 5,1.318,1.144,1.079,3.036
B,Polymer 5,1.373,1.219,0.995,3.096
B,Polymer 5,1.28,1.241,1.045,3.091
B,Polymer 5,1.255,1.201,1.057,3.164
B,Polymer 5,1.355,1.14,1.065,3.131
B,Polymer 5,1.363,1.112,1.074,3.2
B,Polymer 5,1.254,1.216,1.039,3.076
B,Polymer 5,1.287,1.2,1.075,3.087
B,Polymer 5,1.315,1.227,1.006,3.021
B,Polymer 5,1.416,1.217,1.093,2.994
B,Polymer 5,1.33,1.199,1.051,3.074
B,Polymer 5,1.238,1.123,1,3.243
B,Polymer 5,1.333,1.161,1.021,3.217
B,Polymer 5,1.299,1.165,1.05,3.083
B,Polymer 5,1.342,1.194,1.025,2.969
B,Polymer 5,1.284,1.214,1.026,2.965
B,Polymer 5,1.387,1.25,1.086,3.078
B,Polymer 5,1.352,1.171,1.025,3.008
B,Polymer 5,1.243,1.111,1.093,2.787
B,Polymer 5,1.34,1.162,1.04,2.832
B,Polymer 5,1.268,1.202,1.014,2.784
B,Polymer 5,1.307,1.199,1.043,2.829
B,Polymer 5,1.338,1.199,1.046,2.754
B,Polymer 5,1.29,1.136,1.082,2.728
B,Polymer 5,1.348,1.218,1.085,2.813
B,Polymer 5,1.317,1.214,1.091,2.67
B,Polymer 5,1.353,1.14,1.004,2.658
B,Polymer 5,1.395,1.207,1.002,2.787
B,Polymer 5,1.398,1.233,1.047,2.906
B,Polymer 5,1.379,1.233,1.097,2.734
B,Polymer 5,1.277,1.195,1.016,2.87
B,Polymer 5,1.386,1.262,1.086,2.771
B,Polymer 5,1.374,1.225,1.044,2.704
B,Polymer 5,1.27,1.145,1.087,2.531
B,Polymer 5,1.302,1.132,1.019,2.735
B,Polymer 5,1.258,1.163,1.05,2.552
B,Polymer 5,1.288,1.174,1.08,2.744
B,Polymer 5,1.321,1.251,1.025,2.759
B,Polymer 5,1.282,1.196,1.021,2.811
B,Polymer 5,1.273,1.135,1.058,2.603
B,Polymer 5,1.308,1.124,1.074,2.662
B,Polymer 5,1.356,1.161,1.004,2.768
B,Polymer 5,1.295,1.154,1.02,3.034
B,Polymer 5,1.32,1.241,1.089,2.987
B,Polymer 5,1.395,1.191,1.058,2.995
B,Polymer 5,1.258,1.105,1.081,3.017
B,Polymer 5,1.298,1.114,1.089,3.117
B,Polymer 5,1.261,1.161,1.006,2.886
B,Polymer 5,1.302,1.193,1.043,2.968
B,Polymer 5,1.345,1.229,1.093,2.902
B,Polymer 5,1.352,1.162,1.063,2.889
B,Polymer 5,1.366,1.232,1.094,3.108
B,Polymer 5,1.368,1.116,1.053,3.054
B,Polymer 5,1.263,1.052,1.047,3.241
B,Polymer 5,1.292,1.055,1.028,3.369
B,Polymer 5,1.336,1.05,1.014,3.071
B,Polymer 5,1.421,1.191,1.018,3.203
B,Polymer 5,1.373,1.204,1.025,3.077
B,Polymer 5,1.395,1.144,1.02,3.372
B,Polymer 5,1.309,1.028,1.069,3.407
B,Polymer 5,1.324,0.999,1.017,3.761
B,Polymer 5,1.282,1.067,1.044,3.576
B,Polymer 5,1.404,1.065,1.009,3.47
B,Polymer 5,1.401,1.151,1.083,3.626
B,Polymer 5,1.338,1.107,1.094,3.76
B,Polymer 5,1.366,1.086,1.029,3.804
B,Polymer 5,1.293,1.004,1.009,3.879
B,Polymer 5,1.358,1.072,1.041,3.731
B,Polymer 5,1.352,1.076,1.009,3.866
B,Polymer 5,1.398,1.053,1.02,3.583
B,Polymer 5,1.261,1.147,1.013,3.646
B,Polymer 5,1.271,1.136,1.039,3.556
B,Polymer 5,1.299,1.137,1.024,3.377
B,Polymer 5,1.339,1.09,1.012,3.232
B,Polymer 5,1.263,1.096,1.019,3.162
B,Polymer 5,1.321,1.097,1.069,3.005
B,Polymer 5,1.321,1.06,1.03,3.184
B,Polymer 5,1.247,1.061,1.02,2.994
B,Polymer 5,1.326,1.03,1.097,3.104
B,Polymer 5,1.273,1.103,1.027,3.406
B,Polymer 5,1.301,1.083,1.003,3.307
B,Polymer 5,1.273,1.126,1.065,3.121
B,Polymer 5,1.409,1.14,1.014,3.085
B,Polymer 5,1.336,1.098,1.072,3.276
B,Polymer 5,1.33,1.074,1.035,3.448
B,Polymer 5,1.302,1.087,1.022,3.392
B,Polymer 5,1.285,1.16,1.073,3.412
B,Polymer 5,1.332,1.101,1.048,3.324
B,Polymer 5,1.355,1.087,1.076,3.155
B,Polymer 5,1.326,1.084,1.019,3.447
B,Polymer 5,1.351,1.005,1.09,3.312
B,Polymer 5,1.399,1.08,1.06,3.337
B,Polymer 5,1.347,1.092,1.076,3.289
B,Polymer 5,1.293,1.08,1.091,3.405
B,Polymer 5,1.33,1.064,1.012,3.288
B,Polymer 5,1.383,1.095,1.01,3.204
B,Polymer 5,1.38,1.056,1.096,3.274
B,Polymer 5,1.378,1.136,0.997,3.155
B,Polymer 5,1.4,1.056,1.061,3.249
B,Polymer 5,1.324,1.078,1.023,3.253
B,Polymer 5,1.338,1.083,1.069,3.276
B,Polymer 5,1.339,1.034,1.037,3.298
B,Polymer 5,1.363,1.106,1.086,3.244
B,Polymer 5,1.29,1.06,1.073,3.073
B,Polymer 5,1.322,1.089,1.07,3.289
B,Polymer 5,1.363,1.157,1.078,3.013
B,Polymer 5,1.336,1.118,1.052,2.984
B,Polymer 5,1.347,1.017,1.006,3.016
B,Polymer 5,1.248,1.019,1.062,3.231
B,Polymer 6,1.427,0.916,1.048,3.427
B,Polymer 6,1.314,0.914,1.006,3.508
B,Polymer 6,1.398,0.958,1.006,3.423
B,Polymer 6,1.365,1.009,1.039,3.678
B,Polymer 6,1.429,0.992,1.071,3.544
B,Polymer 6,1.378,0.971,1.011,3.726
B,Polymer 6,1.408,0.908,1.055,3.738
B,Polymer 6,1.378,0.891,1.049,3.949
B,Polymer 6,1.361,0.975,1.046,3.619
B,Polymer 6,1.398,1.032,1.053,3.674
B,Polymer 6,1.449,0.978,1.045,3.487
B,Polymer 6,1.381,0.992,1.006,3.807
B,Polymer 6,1.451,0.971,1.024,3.593
B,Polymer 6,1.439,0.894,1.094,3.658
B,Polymer 6,1.406,0.995,1.098,3.807
B,Polymer 6,1.462,1.013,1.082,4.06
B,Polymer 6,1.466,0.939,1.106,4.068
B,Polymer 6,1.39,0.96,1.064,4.085
B,Polymer 6,1.381,0.915,1.027,3.896
B,Polymer 6,1.335,0.933,1.066,3.91
B,Polymer 6,1.464,0.988,1.101,3.823
B,Polymer 6,1.446,1.01,1.075,4.026
B,Polymer 6,1.437,0.975,1.032,3.885
B,Polymer 6,1.426,0.945,1.035,3.836
B,Polymer 6,1.368,0.901,1.085,4.104
B,Polymer 6,1.347,0.858,1.081,4.245
B,Polymer 6,1.416,0.864,1.019,4.447
B,Polymer 6,1.474,0.941,1.006,4.359
B,Polymer 6,1.4,0.969,1.053,4.272
B,Polymer 6,1.404,0.956,1.045,4.118
B,Polymer 6,1.376,1.004,1.039,4.027
B,Polymer 6,1.496,1.002,1.09,3.929
B,Polymer 6,1.447,0.939,1.026,3.764
B,Polymer 6,1.376,0.935,1.028,3.816
B,Polymer 6,1.275,0.879,1.067,4.229
B,Polymer 6,1.245,0.885,1.105,4.077
B,Polymer 6,1.427,0.973,1.074,3.885
B,Polymer 6,1.386,0.986,1.092,3.863
B,Polymer 6,1.356,0.968,1.033,3.51
B,Polymer 6,1.403,1.026,1.031,3.71
B,Polymer 6,1.388,0.939,1.017,3.608
B,Polymer 6,1.331,0.886,1.1,3.597
B,Polymer 6,1.312,0.937,1.032,3.585
B,Polymer 6,1.278,0.942,1.062,3.633
B,Polymer 6,1.336,1.058,1.002,3.473
B,Polymer 6,1.373,1.03,1.096,3.358
B,Polymer 6,1.394,1.012,1.077,3.267
B,Polymer 6,1.275,0.935,1.028,3.198
B,Polymer 6,1.296,0.992,1.046,3.311
B,Polymer 6,1.392,0.989,1.078,3.194
B,Polymer 6,1.265,0.945,1.012,3.296
B,Polymer 6,1.28,1.008,1.039,3.251
B,Polymer 6,1.39,0.952,1.04,3.217
B,Polymer 6,1.299,0.99,1.018,3.299
B,Polymer 6,1.331,0.986,1.055,3.178
B,Polymer 6,1.356,0.98,1.04,3.098
B,Polymer 6,1.273,0.91,1.003,3.059
B,Polymer 6,1.344,0.981,1.066,3.177
B,Polymer 6,1.399,0.957,1.077,3.27
B,Polymer 6,1.411,0.964,1.068,3.412
B,Polymer 6,1.451,1.043,1.052,3.378
B,Polymer 6,1.4,1.051,1.087,3.429
B,Polymer 6,1.376,1,1.09,3.397
B,Polymer 6,1.339,0.93,1.026,3.644
B,Polymer 6,1.266,0.906,1.025,3.788
B,Polymer 6,1.337,1.021,1.102,3.975
B,Polymer 6,1.358,0.985,1.044,3.81
B,Polymer 6,1.332,0.916,1.039,3.813
B,Polymer 6,1.403,0.96,1.054,3.725
B,Polymer 6,1.4,1.011,1.083,3.771
B,Polymer 6,1.358,1.008,1.034,3.773
B,Polymer 6,1.388,0.995,1.036,3.999
B,Polymer 6,1.429,1.009,1.02,3.838
B,Polymer 6,1.367,0.957,1.05,3.839
B,Polymer 6,1.384,0.916,1.012,4.119
B,Polymer 6,1.461,0.906,1.065,4.009
B,Polymer 6,1.428,0.937,1.097,4.231
B,Polymer 6,1.344,0.937,1.026,4.078
B,Polymer 6,1.358,1.008,1.088,4.044
B,Polymer 6,1.378,1.007,1.03,3.784
B,Polymer 6,1.397,1.023,1.013,4.017
B,Polymer 6,1.41,0.984,1.046,3.971
B,Polymer 6,1.385,1.018,1.063,4.061
B,Polymer 6,1.394,0.928,1.068,3.97
B,Polymer 6,1.27,0.894,1.102,4.416
B,Polymer 6,1.312,1,1.041,3.99
B,Polymer 6,1.375,0.981,1.095,4.108
B,Polymer 6,1.394,1.064,1.023,4.05
B,Polymer 6,1.364,1.021,1.071,3.92
B,Polymer 6,1.4,0.959,1.038,3.847
B,Polymer 6,1.329,0.91,1.089,3.965
B,Polymer 6,1.343,0.955,1.068,3.884
B,Polymer 6,1.358,1.016,1.079,3.805
B,Polymer 6,1.411,1.016,1.093,3.792
B,Polymer 6,1.47,0.977,1.089,3.664
B,Polymer 6,1.352,1.027,1.058,3.782
B,Polymer 6,1.441,0.985,1.073,3.76
B,Polymer 6,1.451,0.923,1.007,4.088
B,Polymer 6,1.44,0.967,1.006,4.144
B,Polymer 6,1.323,0.922,1.002,4.25
B,Polymer 6,1.311,0.907,1.039,3.893
B,Polymer 6,1.339,1.003,1.032,3.877
B,Polymer 6,1.437,1.074,1.049,3.773
B,Polymer 6,1.448,1.046,1.067,3.759
B,Polymer 6,1.398,0.99,1.072,3.873
B,Polymer 6,1.401,0.913,1.018,4.223
B,Polymer 6,1.359,0.947,1.07,4.345
B,Polymer 6,1.28,0.89,1.033,4.073
B,Polymer 6,1.406,1.027,1.008,3.862
B,Polymer 6,1.367,1.038,1.105,3.934
B,Polymer 6,1.353,1.041,1.061,3.765
B,Polymer 6,1.387,0.967,1.063,3.598
B,Polymer 6,1.439,1.01,1.055,3.675
B,Polymer 6,1.415,0.969,1.059,3.657
B,Polymer 6,1.368,0.879,1.008,3.959
B,Polymer 6,1.359,0.923,1.058,4.005
B,Polymer 6,1.398,1.048,1.09,3.947
B,Polymer 6,1.362,0.987,1.033,3.821
B,Polymer 6,1.419,1,1.012,3.574
B,Polymer 6,1.332,1.014,1.026,3.618
B,Polymer 6,1.348,0.982,1.074,3.803
B,Polymer 6,1.355,0.992,1.089,3.913
B,Polymer 6,1.441,0.948,1.02,3.925
B,Polymer 6,1.314,0.954,1.022,4.033
B,Polymer 6,1.284,0.989,1.08,3.859
B,Polymer 6,1.314,0.991,1.025,3.918
B,Polymer 6,1.431,0.998,1.007,3.746
B,Polymer 6,1.441,0.989,1.065,3.848
B,Polymer 6,1.341,0.926,1.056,3.934
B,Polymer 6,1.248,0.984,1.019,3.948
B,Polymer 6,1.317,0.985,1.041,3.894
B,Polymer 6,1.348,0.989,1.018,3.707
B,Polymer 6,1.391,1.006,1.042,3.59
B,Polymer 6,1.47,1.027,1.067,3.704
B,Polymer 6,1.413,1.013,1.011,3.759
B,Polymer 6,1.406,0.961,1.086,3.916
B,Polymer 6,1.323,0.96,1.019,3.888
B,Polymer 6,1.365,0.947,1.041,3.763
B,Polymer 6,1.347,1.006,1.079,3.799
B,Polymer 6,1.432,1.014,1.062,3.67
B,Polymer 6,1.446,1.042,1.023,3.711
B,Polymer 6,1.335,0.987,1.034,3.744
B,Polymer 6,1.273,0.943,1.02,3.613
B,Polymer 6,1.328,0.868,1.055,3.847
B,Polymer 6,1.337,0.919,1.032,3.584
B,Polymer 6,1.344,1.033,1.06,3.649
B,Polymer 6,1.35,1.051,1.069,3.537
B,Polymer 6,1.378,1.071,1.005,3.507
B,Polymer 6,1.402,0.967,1.046,3.356
B,Polymer 6,1.434,1.011,1.104,3.736
B,Polymer 6,1.353,0.883,1.068,3.622
B,Polymer 6,1.297,0.881,1.038,3.822
B,Polymer 6,1.301,0.927,1.049,3.575
B,Polymer 6,1.278,1.017,1.09,3.644
B,Polymer 6,1.265,0.985,1.02,3.62
B,Polymer 6,1.365,0.953,1.002,3.342
B,Polymer 6,1.416,1.042,1.051,3.592
B,Polymer 6,1.399,1.039,1.04,3.58
B,Polymer 6,1.443,1.01,1.082,3.616
B,Polymer 6,1.342,0.949,1.046,3.646
B,Polymer 6,1.343,0.907,1.022,3.624
B,Polymer 6,1.241,0.886,1.059,3.632
B,Polymer 6,1.395,1.009,1.034,3.649
B,Polymer 6,1.434,1.01,1.047,3.553
B,Polymer 6,1.374,0.981,1.091,3.32
B,Polymer 6,1.316,0.968,1.098,3.442
B,Polymer 6,1.369,1.014,1.087,3.583
B,Polymer 6,1.397,0.958,1.086,3.61
B,Polymer 6,1.37,0.994,1.089,3.459
B,Polymer 6,1.42,0.907,1.094,3.651
B,Polymer 6,1.27,0.941,1.072,3.947
B,Polymer 6,1.387,0.997,1.037,3.495
B,Polymer 6,1.366,1.065,1.097,3.598
B,Polymer 6,1.353,1.081,1.04,3.583
B,Polymer 6,1.38,1.062,1.034,3.694
B,Polymer 6,1.391,1.023,1.097,3.568
B,Polymer 6,1.334,0.984,1.002,3.872
B,Polymer 6,1.392,0.951,1.056,3.805
B,Polymer 6,1.34,0.897,1.053,3.7
B,Polymer 6,1.459,0.993,1.023,3.562
B,Polymer 6,1.376,1.064,1.041,3.763
B,Polymer 6,1.394,1.042,1.036,3.739
B,Polymer 6,1.44,1.01,1.009,3.473
B,Polymer 6,1.424,0.995,1.054,3.737
B,Polymer 6,1.356,0.943,1.021,3.865
B,Polymer 6,1.337,0.969,1.022,3.692
B,Polymer 6,1.304,0.974,1.073,3.917
B,Polymer 6,1.369,0.964,1.04,3.702
B,Polymer 6,1.426,1.005,1.099,3.937
B,Polymer 6,1.35,1.006,1.096,3.758
B,Polymer 6,1.452,0.991,1.094,3.635
B,Polymer 6,1.473,1.015,1.003,3.944
B,Polymer 6,1.421,0.981,1.063,3.954
B,Polymer 6,1.278,0.985,1.09,4.005
B,Polymer 6,1.279,0.941,1.037,3.839
B,Polymer 6,1.419,1.025,1.002,3.896
B,Polymer 6,1.415,1.022,1.055,3.591
B,Polymer 6,1.487,1.07,1.087,3.618
B,Polymer 6,1.454,0.996,1.097,3.535
B,Polymer 6,1.438,0.984,1.023,3.902
B,Polymer 6,1.344,0.917,1.078,3.924
B,Polymer 6,1.336,0.872,1.067,4.054
B,Polymer 6,1.412,0.997,1.039,4.079
B,Polymer 6,1.443,0.999,1.075,3.735
B,Polymer 6,1.56,1.111,1.026,3.871
B,Polymer 6,1.472,1.014,1.047,4.048
B,Polymer 6,1.457,1.01,1.024,4.32
B,Polymer 6,1.322,0.96,1.108,4.349
B,Polymer 6,1.329,0.895,1.023,4.466
B,Polymer 6,1.262,0.89,1.062,4.193
B,Polymer 6,1.389,1.038,1.03,4.168
B,Polymer 6,1.384,1.079,1.049,4.087
B,Polymer 6,1.387,1.046,1.064,4.428
B,Polymer 6,1.35,0.973,1.02,4.021
B,Polymer 6,1.351,0.97,1.055,4.373
B,Polymer 6,1.329,0.906,1.014,4.371
B,Polymer 6,1.255,0.935,1.032,4.026
B,Polymer 6,1.333,1,1.06,4.153
B,Polymer 6,1.362,1.042,1.065,3.829
B,Polymer 6,1.437,1.084,1.064,3.678
B,Polymer 6,1.411,0.989,1.041,3.784
B,Polymer 6,1.334,0.949,1.009,3.608
B,Polymer 6,1.386,0.932,1.021,3.781
B,Polymer 6,1.312,0.906,1.018,3.668
B,Polymer 6,1.244,0.919,1.011,3.472
B,Polymer 6,1.388,1.042,1.061,3.468
B,Polymer 6,1.362,1.086,1.036,3.544
B,Polymer 6,1.467,0.987,1.095,3.402
B,Polymer 6,1.44,1.045,1.091,3.365
B,Polymer 6,1.325,1.004,1.041,3.523
B,Polymer 6,1.345,0.971,1.028,3.43
B,Polymer 6,1.437,1.008,1.011,3.979
B,Polymer 6,1.467,1.093,1.072,4.091
B,Polymer 6,1.499,1.048,1.036,4.052
B,Polymer 6,1.422,0.977,1.098,3.82
B,Polymer 6,1.397,0.94,1.036,4.091
B,Polymer 6,1.266,0.891,1.019,4.09
B,Polymer 6,1.366,0.883,1.056,4.133
B,Polymer 6,1.289,0.997,1.048,4.297
B,Polymer 6,1.342,1.03,1.025,3.959
B,Polymer 6,1.424,1.061,1.062,3.873
B,Polymer 6,1.388,1.052,1.041,3.842
B,Polymer 6,1.339,0.971,1.088,3.796
B,Polymer 6,1.299,0.971,1.101,4.231
B,Polymer 6,1.279,0.857,1.029,4.09
B,Polymer 6,1.34,0.918,1.037,4.096
B,Polymer 6,1.334,0.972,1.001,4.154
B,Polymer 6,1.468,1.079,1.044,4.029
B,Polymer 6,1.538,1.049,1.071,3.937
B,Polymer 6,1.417,0.972,1.079,3.799
B,Polymer 6,1.334,0.988,1.011,4.035
B,Polymer 6,1.341,0.928,1.1,3.929
B,Polymer 6,1.351,0.887,1.009,3.57
B,Polymer 6,1.329,0.997,1.045,3.622
B,Polymer 6,1.45,0.992,1.056,3.502
B,Polymer 6,1.403,1.046,1.04,3.56
B,Polymer 6,1.439,1.005,1.034,3.88
B,Polymer 6,1.384,0.937,1.054,3.739
B,Polymer 6,1.304,0.912,1.084,3.868
B,Polymer 6,1.31,0.881,1.103,3.799
B,Polymer 6,1.27,0.95,1.052,3.899
B,Polymer 6,1.347,1.056,1.002,3.426
B,Polymer 6,1.258,1.015,1.04,3.481
B,Polymer 6,1.38,0.988,1.058,3.402
B,Polymer 6,1.369,0.974,1.019,3.683
B,Polymer 6,1.38,0.989,1.097,3.641
B,Polymer 6,1.247,0.941,1.094,3.618
B,Polymer 6,1.239,0.944,1.033,3.711
B,Polymer 6,1.347,0.981,1.05,3.561
B,Polymer 6,1.321,1.007,1.013,3.522
B,Polymer 6,1.308,0.977,1.045,3.603
B,Polymer 6,1.289,0.908,1.02,3.686
B,Polymer 6,1.29,0.933,1.029,3.7
B,Polymer 6,1.293,0.967,1.095,3.715
B,Polymer 6,1.338,1.044,1.008,3.527
B,Polymer 6,1.368,0.985,1.062,3.626
B,Polymer 6,1.442,1.037,1.023,3.687
B,Polymer 6,1.329,1.02,1.089,3.56
B,Polymer 6,1.394,0.967,1.035,3.71
B,Polymer 6,1.272,0.956,1.061,3.871
B,Polymer 6,1.291,0.919,1.051,3.813
B,Polymer 6,1.323,1.018,1.092,3.605
B,Polymer 6,1.344,1.099,1.038,3.592
B,Polymer 6,1.414,0.979,1.034,3.761
B,Polymer 6,1.377,0.948,1.086,3.774
B,Polymer 6,1.272,0.919,1.038,3.915
B,Polymer 6,1.293,0.862,1.083,3.923
B,Polymer 6,1.315,0.922,1.094,3.821
B,Polymer 6,1.363,0.9,1.039,4.074
B,Polymer 6,1.386,0.998,1.075,3.755
B,Polymer 6,1.331,1.036,1.07,3.934
B,Polymer 6,1.396,0.971,1.097,3.68
B,Polymer 6,1.407,1.035,1.024,3.624
B,Polymer 6,1.307,0.981,1.097,3.636
B,Polymer 6,1.286,0.88,1.048,3.849
B,Polymer 6,1.285,0.935,1.03,3.751
B,Polymer 6,1.267,0.952,1.064,3.689
B,Polymer 6,1.352,1.022,1.045,3.889
B,Polymer 6,1.349,1.021,1.002,3.836
B,Polymer 6,1.336,1.028,1.073,3.688
B,Polymer 6,1.293,0.964,1.042,3.975
B,Polymer 6,1.253,0.918,1.081,3.978
B,Polymer 6,1.19,0.903,1.061,3.835
B,Polymer 6,1.332,0.968,1.028,3.909
B,Polymer 6,1.341,1.08,1.013,3.852
B,Polymer 6,1.394,0.996,1.083,3.557
B,Polymer 6,1.347,0.97,1.086,3.842
B,Polymer 6,1.293,0.934,1.042,3.716
B,Polymer 6,1.253,0.899,1.02,3.977
B,Polymer 6,1.256,0.92,1.076,3.919
B,Polymer 6,1.356,0.944,1.082,3.774
B,Polymer 6,1.405,0.963,1.006,3.642
B,Polymer 6,1.41,1.021,1.019,3.688
B,Polymer 6,1.313,1.039,1.086,3.733
B,Polymer 6,1.42,1.031,1.071,3.781
B,Polymer 6,1.447,0.987,1.013,3.697
B,Polymer 6,1.34,0.914,1.073,3.643
B,Polymer 6,1.327,0.845,0.999,3.94
B,Polymer 6,1.336,0.917,1.054,3.77
B,Polymer 6,1.33,0.951,0.997,3.77
